mediaId,mediaName,필드,현재값,isActive,reviewStatus,공개 카탈로그 노출,견적 계산 영향,AI 추천 포함
cmsyvvvbi000c04jiczu69c5c,시부야 스타츠비전 전광판 광고,impressions=null,impressions=null,true,clean,노출됨,폴백 2100000 (dailyFootfall_x_30),"포함 (후보 풀=공개 카탈로그, impressions 미필터)"
cmsyguc6s000u04l2ybgpbbwp,시부야 Q'S EYE(큐즈 아이) 전광판 광고,impressions=null,impressions=null,true,clean,노출됨,폴백 2100000 (dailyFootfall_x_30),"포함 (후보 풀=공개 카탈로그, impressions 미필터)"
cmsyx0h1c001c04ji8ck0gixm,시부야 스크램블 교차로 16면 싱크 전광판 광고,impressions=null,impressions=null,true,clean,노출됨,폴백 2100000 (dailyFootfall_x_30),"포함 (후보 풀=공개 카탈로그, impressions 미필터)"
cmsywe2z2001604jvcecrobiz,시부야 시부크로비전 전광판 광고,impressions=null,impressions=null,true,clean,노출됨,폴백 2100000 (dailyFootfall_x_30),"포함 (후보 풀=공개 카탈로그, impressions 미필터)"
cmssw6hqh000004iftnsedovm,지하철 2호선 구로디지털단지역 엔스퀘어 광고,impressions=null,impressions=null,true,clean,노출됨,폴백 4650000 (dailyFootfall_x_30),"포함 (후보 풀=공개 카탈로그, impressions 미필터)"
cmrm2f88q000204kydtp2vmzj,전통시장 LED 전광판 광고,impressions=null,impressions=null,true,clean,노출됨,폴백 3900000 (dailyFootfall_x_30),"포함 (후보 풀=공개 카탈로그, impressions 미필터)"
cmssychda000e04js5ao9fhv7,지하철 2호선 홍대입구역 엔스퀘어 광고,impressions=null,impressions=null,true,clean,노출됨,폴백 5850000 (dailyFootfall_x_30),"포함 (후보 풀=공개 카탈로그, impressions 미필터)"
cmsswdyll000104jxek16x3rs,지하철 2호선 선릉역 엔스퀘어 광고,impressions=null,impressions=null,true,clean,노출됨,폴백 7200000 (dailyFootfall_x_30),"포함 (후보 풀=공개 카탈로그, impressions 미필터)"
cmst05ifo000004jwhner9bql,지하철 7호선 건대입구역 엔스퀘어 광고,impressions=null,impressions=null,true,clean,노출됨,폴백 4950000 (dailyFootfall_x_30),"포함 (후보 풀=공개 카탈로그, impressions 미필터)"
cmp3cfdsy000004jo3v38d9f4,헤스티아 (익스클루시브) 버스 외부 LED 전광판,dailyFootfall=null,dailyFootfall=null,true,clean,노출됨,폴백 52000000 (stored_impressions),"포함 (후보 풀=공개 카탈로그, impressions 미필터)"
cmssy1tys000604jsya9x1d8f,지하철 2호선 을지로입구역 엔스퀘어 광고,impressions=null,impressions=null,true,clean,노출됨,폴백 6450000 (dailyFootfall_x_30),"포함 (후보 풀=공개 카탈로그, impressions 미필터)"
cmssz4rd3000604l51uc1pom7,지하철 4호선 동대문역사문화공원역 엔스퀘어 광고,impressions=null,impressions=null,true,clean,노출됨,폴백 6450000 (dailyFootfall_x_30),"포함 (후보 풀=공개 카탈로그, impressions 미필터)"
cmssxciu3000204l7kli6su45,지하철 2호선 역삼역 엔스퀘어 광고,impressions=null,impressions=null,true,clean,노출됨,폴백 7200000 (dailyFootfall_x_30),"포함 (후보 풀=공개 카탈로그, impressions 미필터)"
cmssy58mh000s04l8yx4b9wtt,지하철 2호선 잠실역 엔스퀘어 광고,impressions=null,impressions=null,true,clean,노출됨,폴백 6300000 (dailyFootfall_x_30),"포함 (후보 풀=공개 카탈로그, impressions 미필터)"
cmsszjx2v000504jvrhk2st9z,지하철 5호선 마포역 엔스퀘어 광고,impressions=null,impressions=null,true,clean,노출됨,폴백 5850000 (dailyFootfall_x_30),"포함 (후보 풀=공개 카탈로그, impressions 미필터)"
cmst0r1nq000f04jsb53ihoxu,지하철 8호선 잠실역 엔스퀘어 광고,impressions=null,impressions=null,true,clean,노출됨,폴백 6300000 (dailyFootfall_x_30),"포함 (후보 풀=공개 카탈로그, impressions 미필터)"
cmst0dedm000604jwypa3qbp8,지하철 7호선 대림역 엔스퀘어 광고,impressions=null,impressions=null,true,clean,노출됨,폴백 6000000 (dailyFootfall_x_30),"포함 (후보 풀=공개 카탈로그, impressions 미필터)"
cmssywvbx001004l8mg6d15mc,지하철 4호선 충무로역 엔스퀘어 광고,impressions=null,impressions=null,true,clean,노출됨,폴백 6450000 (dailyFootfall_x_30),"포함 (후보 풀=공개 카탈로그, impressions 미필터)"
cmssz03ue000304l5573qtaxd,지하철 4호선 동대문역 엔스퀘어 광고,impressions=null,impressions=null,true,clean,노출됨,폴백 5700000 (dailyFootfall_x_30),"포함 (후보 풀=공개 카탈로그, impressions 미필터)"
cmqqt9jz8000204i94ezv23xv,지하철 공항철도 홍대입구역 환승통로 래핑 벽면 광고 ①-2,impressions=null,impressions=null,true,clean,노출됨,폴백 5850000 (dailyFootfall_x_30),"포함 (후보 풀=공개 카탈로그, impressions 미필터)"
cmsszpu61001e04l8glfkcpjz,지하철 5호선 광화문역 엔스퀘어 광고,impressions=null,impressions=null,true,clean,노출됨,폴백 5700000 (dailyFootfall_x_30),"포함 (후보 풀=공개 카탈로그, impressions 미필터)"
cmsszuei5000u04l546i1lxl3,지하철 6호선 연신내역 엔스퀘어 광고,impressions=null,impressions=null,true,clean,노출됨,폴백 4200000 (dailyFootfall_x_30),"포함 (후보 풀=공개 카탈로그, impressions 미필터)"
cmssviih4000004jrvyhnxl7h,지하철 2호선 건대입구역 엔스퀘어 광고,impressions=null,impressions=null,true,clean,노출됨,폴백 4950000 (dailyFootfall_x_30),"포함 (후보 풀=공개 카탈로그, impressions 미필터)"
cmrsrt7e4000204i9y7tfd360,게릴라 포스터 광고,impressions=null,impressions=null,true,clean,노출됨,폴백 3900000 (dailyFootfall_x_30),"포함 (후보 풀=공개 카탈로그, impressions 미필터)"
cmsszrk8r000s04l5l99etet1,지하철 6호선 공덕역 엔스퀘어 광고,impressions=null,impressions=null,true,clean,노출됨,폴백 5850000 (dailyFootfall_x_30),"포함 (후보 풀=공개 카탈로그, impressions 미필터)"
cmsswgvky000004kyr5t48npu,지하철 2호선 신도림역 엔스퀘어 광고,impressions=null,impressions=null,true,clean,노출됨,폴백 4650000 (dailyFootfall_x_30),"포함 (후보 풀=공개 카탈로그, impressions 미필터)"
cmssznxmw000r04l5ctyx5oqj,지하철 5호선 여의도역 엔스퀘어 광고,impressions=null,impressions=null,true,clean,노출됨,폴백 6000000 (dailyFootfall_x_30),"포함 (후보 풀=공개 카탈로그, impressions 미필터)"
cmst3icyr000104jmse6sx2kv,지하철 엔스퀘어 전체역사 All in One Pack 광고,impressions=null,impressions=null,true,clean,노출됨,폴백 3900000 (dailyFootfall_x_30),"포함 (후보 풀=공개 카탈로그, impressions 미필터)"
cmssy7qqu000a04jsuhez6xsu,지하철 2호선 합정역 엔스퀘어 광고,impressions=null,impressions=null,true,clean,노출됨,폴백 5850000 (dailyFootfall_x_30),"포함 (후보 풀=공개 카탈로그, impressions 미필터)"
cmssxiklt000204juf3dw64l5,지하철 2호선 영등포구청역 엔스퀘어 광고,impressions=null,impressions=null,true,clean,노출됨,폴백 6000000 (dailyFootfall_x_30),"포함 (후보 풀=공개 카탈로그, impressions 미필터)"
cmst0oz5z000d04jsw3gz1v49,지하철 8호선 문정역 엔스퀘어 광고,impressions=null,impressions=null,true,clean,노출됨,폴백 6300000 (dailyFootfall_x_30),"포함 (후보 풀=공개 카탈로그, impressions 미필터)"
cmqsuxgmu00010akq6pgm99bi,천호역 지하철 5호선 CM보드 광고 (인쇄),impressions=null,impressions=null,true,clean,노출됨,폴백 4800000 (dailyFootfall_x_30),"포함 (후보 풀=공개 카탈로그, impressions 미필터)"
cms5ovxek000204jq9ybo6q7c,현대백화점 신촌점 유플렉스 패키지 광고,impressions=null,impressions=null,true,clean,노출됨,폴백 4650000 (dailyFootfall_x_30),"포함 (후보 풀=공개 카탈로그, impressions 미필터)"
cmst5ofuc000q04jsn0m0y8o0,스포애니 피트니스 센터 광고,impressions=null,impressions=null,true,clean,노출됨,폴백 3900000 (dailyFootfall_x_30),"포함 (후보 풀=공개 카탈로그, impressions 미필터)"
cmssve4i6000004l966rzty5a,지하철 1호선 종각역 엔스퀘어 광고,impressions=null,impressions=null,true,clean,노출됨,폴백 5700000 (dailyFootfall_x_30),"포함 (후보 풀=공개 카탈로그, impressions 미필터)"
cmst03vuh000504ibusispq5i,지하철 7호선 노원역 엔스퀘어 광고,impressions=null,impressions=null,true,clean,노출됨,폴백 4650000 (dailyFootfall_x_30),"포함 (후보 풀=공개 카탈로그, impressions 미필터)"
cmrahrzyj000r04l81d0i8hs7,인천 A+ 에셋 부평빌딩 LED 전광판,impressions=null,impressions=null,true,clean,노출됨,폴백 2700000 (dailyFootfall_x_30),"포함 (후보 풀=공개 카탈로그, impressions 미필터)"
cmssxo5ap000804juo6dm2le4,지하철 2호선 을지로3가역 엔스퀘어 광고,impressions=null,impressions=null,true,clean,노출됨,폴백 6450000 (dailyFootfall_x_30),"포함 (후보 풀=공개 카탈로그, impressions 미필터)"
cmst07lna000204jwzek8w0cm,지하철 7호선 가산디지털단지역 엔스퀘어 광고,impressions=null,impressions=null,true,clean,노출됨,폴백 3600000 (dailyFootfall_x_30),"포함 (후보 풀=공개 카탈로그, impressions 미필터)"
cmqqtdzpo000004kyxgyff2ct,지하철 공항철도 홍대입구역 환승통로 래핑 벽면 광고  ①-3,impressions=null,impressions=null,true,clean,노출됨,폴백 5850000 (dailyFootfall_x_30),"포함 (후보 풀=공개 카탈로그, impressions 미필터)"
cmssuxcz7000i04i3l8zooazn,지하철 1호선 시청역 엔스퀘어 광고,impressions=null,impressions=null,true,clean,노출됨,폴백 6450000 (dailyFootfall_x_30),"포함 (후보 풀=공개 카탈로그, impressions 미필터)"
cmsswkoqx000604jtqwlq45bp,지하철 2호선 신림역 엔스퀘어 광고,impressions=null,impressions=null,true,clean,노출됨,폴백 4950000 (dailyFootfall_x_30),"포함 (후보 풀=공개 카탈로그, impressions 미필터)"
cmssvgvt5000304ldgc898el9,지하철 2호선 강남역 엔스퀘어 광고,impressions=null,impressions=null,true,clean,노출됨,폴백 7200000 (dailyFootfall_x_30),"포함 (후보 풀=공개 카탈로그, impressions 미필터)"
cmrlzusu6000704kw28nuhi0a,에어부산 기내지 FLY&FUN 광고,impressions=null,impressions=null,true,clean,노출됨,폴백 2100000 (dailyFootfall_x_30),"포함 (후보 풀=공개 카탈로그, impressions 미필터)"
cmst0mhr1000104l8wiysxaao,지하철 7호선 총신대입구역 엔스퀘어 광고,impressions=null,impressions=null,true,clean,노출됨,폴백 4350000 (dailyFootfall_x_30),"포함 (후보 풀=공개 카탈로그, impressions 미필터)"
cmssyqjkr000y04l80ymy3kbo,지하철 3호선 충무로역 엔스퀘어 광고,impressions=null,impressions=null,true,clean,노출됨,폴백 6450000 (dailyFootfall_x_30),"포함 (후보 풀=공개 카탈로그, impressions 미필터)"
cmssybqd9000c04js0ctwh5rz,지하철 3호선 고속터미널역 엔스퀘어 광고,impressions=null,impressions=null,true,clean,노출됨,폴백 6600000 (dailyFootfall_x_30),"포함 (후보 풀=공개 카탈로그, impressions 미필터)"
cmst5r66x000r04l7zlsd0rm8,어시스트핏 헬스장 TV 광고,impressions=null,impressions=null,true,clean,노출됨,폴백 2100000 (dailyFootfall_x_30),"포함 (후보 풀=공개 카탈로그, impressions 미필터)"
cmssusm16000l04jrumoa55de,지하철 1호선 서울역 엔스퀘어 광고,impressions=null,impressions=null,true,clean,노출됨,폴백 6450000 (dailyFootfall_x_30),"포함 (후보 풀=공개 카탈로그, impressions 미필터)"
cmsszfdr2000m04l50ypx4jbt,지하철 4호선 혜화역 엔스퀘어 광고,impressions=null,impressions=null,true,clean,노출됨,폴백 5700000 (dailyFootfall_x_30),"포함 (후보 풀=공개 카탈로그, impressions 미필터)"
cmsswa2kr000004jtk7wkv9q6,지하철 2호선 동대문역사문화공원역 엔스퀘어 광고,impressions=null,impressions=null,true,clean,노출됨,폴백 6450000 (dailyFootfall_x_30),"포함 (후보 풀=공개 카탈로그, impressions 미필터)"
cmsszlw41000p04l5hrdlgt8y,지하철 5호선 서대문역 엔스퀘어 광고,impressions=null,impressions=null,true,clean,노출됨,폴백 4650000 (dailyFootfall_x_30),"포함 (후보 풀=공개 카탈로그, impressions 미필터)"
cmst0idld000004jsqcqos2w8,지하철 7호선 상봉역 엔스퀘어 광고,impressions=null,impressions=null,true,clean,노출됨,폴백 4350000 (dailyFootfall_x_30),"포함 (후보 풀=공개 카탈로그, impressions 미필터)"
cms725rov00030aj213mgy6q5,지하철 맥스비전 전체역사 턴키 광고,impressions=null,impressions=null,true,clean,노출됨,폴백 3900000 (dailyFootfall_x_30),"포함 (후보 풀=공개 카탈로그, impressions 미필터)"
cmssvdycc001c04i3l8orpw1u,지하철 1호선 종로3가역 엔스퀘어 광고,impressions=null,impressions=null,true,clean,노출됨,폴백 5700000 (dailyFootfall_x_30),"포함 (후보 풀=공개 카탈로그, impressions 미필터)"
cmssyjcz1000004l5ps9iv6pc,지하철 3호선 신사역 엔스퀘어 광고,impressions=null,impressions=null,true,clean,노출됨,폴백 7200000 (dailyFootfall_x_30),"포함 (후보 풀=공개 카탈로그, impressions 미필터)"
cmssynzfz000w04l8hmz0y5eh,지하철 3호선 압구정역 엔스퀘어 광고,impressions=null,impressions=null,true,clean,노출됨,폴백 7200000 (dailyFootfall_x_30),"포함 (후보 풀=공개 카탈로그, impressions 미필터)"
cmsszhm51000o04l580w0vkvw,지하철 4호선 회현역 엔스퀘어 광고,impressions=null,impressions=null,true,clean,노출됨,폴백 6450000 (dailyFootfall_x_30),"포함 (후보 풀=공개 카탈로그, impressions 미필터)"
cmssx7mtt000004l7ltwy8jg8,지하철 2호선 사당역 엔스퀘어 광고,impressions=null,impressions=null,true,clean,노출됨,폴백 4350000 (dailyFootfall_x_30),"포함 (후보 풀=공개 카탈로그, impressions 미필터)"
cmst0ah4a000404jwq945exjp,지하철 7호선 고속터미널역 엔스퀘어 광고,impressions=null,impressions=null,true,clean,노출됨,폴백 6600000 (dailyFootfall_x_30),"포함 (후보 풀=공개 카탈로그, impressions 미필터)"
cmst0ksay000904l7pjp57jsn,지하철 7호선 어린이대공원역 엔스퀘어 광고,impressions=null,impressions=null,true,clean,노출됨,폴백 4950000 (dailyFootfall_x_30),"포함 (후보 풀=공개 카탈로그, impressions 미필터)"
cmsswbsqk000104jts3jleei9,지하철 2호선 삼성역 엔스퀘어 광고,impressions=null,impressions=null,true,clean,노출됨,폴백 7200000 (dailyFootfall_x_30),"포함 (후보 풀=공개 카탈로그, impressions 미필터)"
cmst0fvzx000804jwszm1d5mw,지하철 7호선 사가정역 엔스퀘어 광고,impressions=null,impressions=null,true,clean,노출됨,폴백 4350000 (dailyFootfall_x_30),"포함 (후보 풀=공개 카탈로그, impressions 미필터)"
cmrap3eo4000004jv8b2tt90v,신사 BK빌딩 LED 전광판,impressions=null,impressions=null,true,clean,노출됨,폴백 13684290 (dailyFootfall_x_30),"포함 (후보 풀=공개 카탈로그, impressions 미필터)"
cmssv86ki000w04jrd1qk8p6v,지하철 1호선 종로3가역 엔스퀘어 광고,impressions=null,impressions=null,true,clean,노출됨,폴백 5700000 (dailyFootfall_x_30),"포함 (후보 풀=공개 카탈로그, impressions 미필터)"
cmssvstt0000004jr7tp1rbdv,지하철 2호선 교대역 엔스퀘어 광고,impressions=null,impressions=null,true,clean,노출됨,폴백 6600000 (dailyFootfall_x_30),"포함 (후보 풀=공개 카탈로그, impressions 미필터)"
cmsszdjbl000304jv4vlrs72q,지하철 4호선 총신대입구역 엔스퀘어 광고,impressions=null,impressions=null,true,clean,노출됨,폴백 4350000 (dailyFootfall_x_30),"포함 (후보 풀=공개 카탈로그, impressions 미필터)"
cmssyswse000204l5dh6ooq4v,지하철 3호선 양재역 엔스퀘어 광고,impressions=null,impressions=null,true,clean,노출됨,폴백 6600000 (dailyFootfall_x_30),"포함 (후보 풀=공개 카탈로그, impressions 미필터)"
cmst0zeiq000i04js3mbyjcds,지하철 3호선 교대역 엔스퀘어 광고,impressions=null,impressions=null,true,clean,노출됨,폴백 6600000 (dailyFootfall_x_30),"포함 (후보 풀=공개 카탈로그, impressions 미필터)"
cmssz94kh000904l5mqlxnsgy,지하철 4호선 서울역 엔스퀘어 광고,impressions=null,impressions=null,true,clean,노출됨,폴백 6450000 (dailyFootfall_x_30),"포함 (후보 풀=공개 카탈로그, impressions 미필터)"
cmssz6fns000704l5gu4q2wf7,지하철 4호선 명동역 엔스퀘어 광고,impressions=null,impressions=null,true,clean,노출됨,폴백 6450000 (dailyFootfall_x_30),"포함 (후보 풀=공개 카탈로그, impressions 미필터)"
cmsszbcn0000h04l5vxhb76si,지하철 4호선 신용산역 엔스퀘어 광고,impressions=null,impressions=null,true,clean,노출됨,폴백 5550000 (dailyFootfall_x_30),"포함 (후보 풀=공개 카탈로그, impressions 미필터)"
