mediaId,mediaName,violationCode,currentValue,capOrThreshold,network,lastUpdatedAt,lastUpdatedBy
cmod63z8h000004lar8lfzc4l,광화문 루미 미디어 전광판 광고,D,impressions=1850000;dailyFootfall=35529,impressions>dailyFootfall×31,,2026-08-19T15:01:23.156Z,
cmo5y9uma000204k1n0ly5ndh,명동 AVENUE 42 미디어폴 광고,D,impressions=3200000;dailyFootfall=33414,impressions>dailyFootfall×31,,2026-08-20T04:43:04.800Z,
cmocx36r4000004k1yvrv6y13,더현대서울 사운즈 포레스트 미디어월 광고,D,impressions=1850000;dailyFootfall=27643,impressions>dailyFootfall×31,,2026-08-20T01:56:45.152Z,
cmp0gyh8i000004jp4u4xokpx,강원 용평리조트 스키장 전광판 광고,D,impressions=450000;dailyFootfall=12000,impressions>dailyFootfall×31,,2026-08-19T15:01:23.195Z,
cmo5xrw45000004k1o6opfqkz,명동 K파이낸스빌딩 외벽 아트월 광고,D,impressions=3200000;dailyFootfall=33414,impressions>dailyFootfall×31,,2026-08-19T15:01:23.225Z,
cmokchyi4000004js484675yf,스타필드 수원점 미디어타워 광고,D,impressions=8000000;dailyFootfall=70000,impressions>dailyFootfall×31,,2026-08-20T02:58:57.729Z,
cmo5zgtqk000004l8s594fn51,신세계백화점 본점 신세계 스퀘어 전광판 광고,D,impressions=4500000;dailyFootfall=33414,impressions>dailyFootfall×31,,2026-08-20T05:32:27.226Z,
cmrwirjcs000504jlnlr684lo,인천지하철 1호선 디지털사이니지 전체 턴키 (7개 역사) 광고,D,impressions=13500000;dailyFootfall=238000,impressions>dailyFootfall×31,,2026-08-20T03:12:29.131Z,
cmqst9336000209kp6u0huka5,여의도역 지하철 5호선 CM보드 영상 광고 (디지털),D,impressions=3300000;dailyFootfall=50000,impressions>dailyFootfall×31,,2026-08-19T15:01:24.465Z,
cmofq1dky000204l50loidtiq,공항철도 서울역 E/S 핸드레일 랩핑 광고,D,impressions=1950000;dailyFootfall=58761,impressions>dailyFootfall×31,,2026-07-31T16:47:22.510Z,
cmqstczzv00030ajnxs3isw5w,여의도역 지하철 5호선 CM보드 조명 광고 (인쇄),D,impressions=3300000;dailyFootfall=50000,impressions>dailyFootfall×31,,2026-08-19T15:01:24.492Z,
cmo60b9fh000204juy36d7dop,삼각지 용산 해태제과빌딩 전광판 광고,D,impressions=950000;dailyFootfall=18357,impressions>dailyFootfall×31,,2026-08-19T15:01:24.496Z,
cmp0s3jby000204jxwc3kgllo,대구 국제공항 2층 출발장 보안검색 바구니 광고,D,impressions=1200000;dailyFootfall=8500,impressions>dailyFootfall×31,,2026-08-19T15:01:24.753Z,
cms4e1jrq000004kywtej4ieu,이마트24 STAY 성동성수점 쇼윈도 LED 사이니지,D,impressions=2600000;dailyFootfall=42000,impressions>dailyFootfall×31,,2026-08-19T15:01:24.756Z,
cmp0rojyd000004l21dlkqci8,강원 오크밸리 리조트 스키장 전광판 광고,D,impressions=420000;dailyFootfall=12000,impressions>dailyFootfall×31,,2026-08-19T15:01:24.785Z,
cmqaeqzrx000104i5124jpxif,AK플라자 수원점 LED 광고,D,impressions=5200000;dailyFootfall=72000,impressions>dailyFootfall×31,,2026-08-19T15:01:25.212Z,
cmqafbhc3000204jpkne5ybz6,AK플라자 분당점 스퀘어 LED 광고,D,impressions=5800000;dailyFootfall=85000,impressions>dailyFootfall×31,,2026-08-19T15:01:25.216Z,
cmo61x9p2000004l74urruqao,이태원 모드 127 외벽 아트월 광고,D,impressions=950000;dailyFootfall=23286,impressions>dailyFootfall×31,,2026-08-19T15:01:25.245Z,
cmrx2jg0z001n04jr751ualgm,KTX 전주역 맞이방 영상광고 (4번) 광고,D,impressions=1800000;dailyFootfall=15000,impressions>dailyFootfall×31,,2026-08-19T15:01:23.313Z,
cmq97zu2j000504l1jj94n7cy,스타필드 안성점 LED 전광판 광고,D,impressions=3500000;dailyFootfall=70000,impressions>dailyFootfall×31,,2026-08-19T15:01:25.295Z,
cmo5ye7b2000404jviyc4t8u1,을지로입구 교원빌딩 엠시티(M-CITY) 전광판 광고,D,impressions=2200000;dailyFootfall=66571,impressions>dailyFootfall×31,,2026-08-20T04:01:33.618Z,
cmrf0d1l8000905l5qi3gfd54,코엑스 파르나스 미디어타워 광고,D,impressions=12500000;dailyFootfall=365071,impressions>dailyFootfall×31,,2026-08-19T15:01:25.492Z,
cmqsuikmp00000ajajxoeuga5,목동역 지하철 5호선 CM보드 조명 광고 (인쇄),D,impressions=1350000;dailyFootfall=32000,impressions>dailyFootfall×31,,2026-08-19T15:01:25.530Z,
cmpwwytko000004jpqecqr1ro,서울 남부버스터미널 LED 전광판 광고,D,impressions=1800000;dailyFootfall=25000,impressions>dailyFootfall×31,,2026-08-14T18:23:11.138Z,
cmpca1tbb000204l84v1kfrzn,순천 팔마오거리 지뜨호텔 전광판 광고,D,impressions=2200000;dailyFootfall=45000,impressions>dailyFootfall×31,,2026-08-20T05:10:35.857Z,
cmqsvtycf00000akixutq6exw,을지로4가역 지하철 5호선 CM보드 영상 광고 (디지털),D,impressions=1350000;dailyFootfall=39000,impressions>dailyFootfall×31,,2026-08-19T15:01:25.557Z,
cmp02109u000604jxnuzp4ypp,신림역 정도빌딩 전광판 광고,D,impressions=4800000;dailyFootfall=140000,impressions>dailyFootfall×31,,2026-08-20T02:20:14.467Z,
cmp0s4prw000204ktul6suaow,대구 국제공항 국내선 1층 전광판 광고,D,impressions=1800000;dailyFootfall=12000,impressions>dailyFootfall×31,,2026-08-14T18:23:09.669Z,
cmp8jj2au000004jvi9uf9jmn,평택 통복시장 전광판 광고,D,impressions=2500000;dailyFootfall=80000,impressions>dailyFootfall×31,,2026-08-19T15:01:23.600Z,
cmp0t23xh000004l8niri2btn,대전 유성온천네거리 전광판 광고,D,impressions=2600000;dailyFootfall=72000,impressions>dailyFootfall×31,,2026-08-19T15:01:23.673Z,
cmqsvkrpn00010ajbc1df31sc,철산역 지하철 7호선 CM보드 영상 광고 (디지털),D,impressions=1350000;dailyFootfall=42000,impressions>dailyFootfall×31,,2026-08-19T15:01:23.774Z,
cmo60u0gm000204jspdl8gfc7,동대문 맥스타일 전광판 광고,D,impressions=1600000;dailyFootfall=24771,impressions>dailyFootfall×31,,2026-08-19T15:01:25.973Z,
cmokcli51000004l19rum9jwj,스타필드 하남점 LED 전광판 광고,D,impressions=6500000;dailyFootfall=70000,impressions>dailyFootfall×31,,2026-07-21T11:25:50.610Z,
cmp0s40za000004kvvluhlp8p,대구국제공항 대합실 TV 스탠드 광고,D,impressions=900000;dailyFootfall=18000,impressions>dailyFootfall×31,,2026-08-19T15:01:25.999Z,
cmqpabzxo000204l8xmqx12z8,구리 돌다리 사거리 전광판 광고,D,impressions=3200000;dailyFootfall=45000,impressions>dailyFootfall×31,,2026-08-19T15:01:26.285Z,
cmp0eixym000204iblzrh6a9m,강남 센트럴시티 언더월드 디지털사이니지 광고,D,impressions=1350000;dailyFootfall=33617,impressions>dailyFootfall×31,,2026-08-20T04:10:06.006Z,
cmqsvnjwc00000aja5g41bt7c,강동역 지하철 5호선 CM보드 영상 광고 (디지털),D,impressions=1650000;dailyFootfall=34000,impressions>dailyFootfall×31,,2026-08-19T15:01:23.938Z,
cmp0gg9e3000e04jicm5nl221,인천지하철 1호선 작전역 디지털사이니지 (디지털포스터) 광고,D,impressions=1600000;dailyFootfall=28000,impressions>dailyFootfall×31,,2026-08-19T15:01:26.307Z,
cmq3vyc6o000004jm5h9a4yki,성수동 대림창고 외벽광고,D,impressions=2800000;dailyFootfall=45000,impressions>dailyFootfall×31,,2026-08-19T15:01:26.468Z,
cmq97wp63000304l1gzeec2b0,스타필드 부천점 LED 전광판 광고,D,impressions=3200000;dailyFootfall=70000,impressions>dailyFootfall×31,,2026-08-19T15:01:26.729Z,
cms4ea28e000004ju3mr3xtcb,트렌드랩 성수 이마트24 TO-GO Zone 멀티비전 광고,D,impressions=1200000;dailyFootfall=32000,impressions>dailyFootfall×31,,2026-08-19T15:01:24.115Z,
cmqhzzg6c000704l2809gq0xe,대전 으능정이 스카이로드,D,impressions=3200000;dailyFootfall=85000,impressions>dailyFootfall×31,,2026-08-19T15:01:24.123Z,
cmpthegrq000004lb9iccjkho,샤롯데시어터 디지털사이니지 광고,D,impressions=1500000;dailyFootfall=12000,impressions>dailyFootfall×31,,2026-08-20T04:29:47.043Z,
cmqa7egri000204jukbc91zqd,제주공항 1층 도착장 LED 광고,D,impressions=3200000;dailyFootfall=42000,impressions>dailyFootfall×31,,2026-08-20T00:45:00.398Z,
cmq3x2965000m04l5hq30xrp5,성수동 연무장 H4 외벽광고,D,impressions=2900000;dailyFootfall=48000,impressions>dailyFootfall×31,,2026-08-19T15:01:24.399Z,
cmqa6k2lz000304jvk9ikbnl3,인천 구월로데오광장 전광판 광고,D,impressions=2800000;dailyFootfall=85000,impressions>dailyFootfall×31,,2026-08-19T15:01:24.403Z,
cmpcawpfp000204i385nxaflt,목포 MBC스테이션월 전광판 광고,D,impressions=2800000;dailyFootfall=52000,impressions>dailyFootfall×31,,2026-08-19T15:01:26.901Z,
cmo60o014000004l572ktu83w,동대문 헬로APM빌딩 전광판 광고,D,impressions=1400000;dailyFootfall=24771,impressions>dailyFootfall×31,,2026-08-19T15:01:24.406Z,
cmod6a2i6000004jutaz5kkit,시청 디조빌딩 전광판 광고,D,impressions=1650000;dailyFootfall=33414,impressions>dailyFootfall×31,,2026-08-19T15:01:24.415Z,
cmqg7nhl2000004i8derlksof,부천 서광빌딩 전광판 광고,D,impressions=2550000;dailyFootfall=75000,impressions>dailyFootfall×31,,2026-08-19T15:01:26.904Z,
cmpcascft000204kwtjycd0zc,목포 코아빌딩 전광판 광고,D,impressions=1900000;dailyFootfall=32000,impressions>dailyFootfall×31,,2026-08-19T15:01:26.915Z,
cmoegluf8000204ldbj44j2uq,여의도 여의12 올림픽대로 디지털 광고,D,impressions=8500000;dailyFootfall=137357,impressions>dailyFootfall×31,,2026-08-20T01:19:22.076Z,
cmokduapm000004jreheydvdj,인천공항 T2 프리미엄스퀘어 광고,D,impressions=4200000;dailyFootfall=130000,impressions>dailyFootfall×31,,2026-08-19T15:01:24.447Z,
cms4dt5b8000404l4ze7pd4em,디저트랩 이마트24 서울숲점 LED 사이니지 광고,D,impressions=2500000;dailyFootfall=38000,impressions>dailyFootfall×31,,2026-08-19T15:01:26.932Z,
cmp0s5qz9000404jxxq1ve1su,대구 국제공항 도착장 멀티비전 광고,D,impressions=2200000;dailyFootfall=12500,impressions>dailyFootfall×31,,2026-08-19T15:01:24.477Z,
cmofprkck000204jr5ij37udz,공항철도 서울역 랩핑 무빙워크 핸드레일 광고,D,impressions=2100000;dailyFootfall=58761,impressions>dailyFootfall×31,,2026-08-19T15:01:24.489Z,
cmptf5nk9000004lebz3i8yv9,블루스퀘어 미디어 광고,D,impressions=1200000;dailyFootfall=8500,impressions>dailyFootfall×31,,2026-08-19T15:01:27.150Z,
cmp0f3wki000604ibq97ht1kj,원주 고속버스터미널 옆 대호빌딩 전광판 광고,D,impressions=2300000;dailyFootfall=45000,impressions>dailyFootfall×31,,2026-08-20T01:25:35.681Z,
cmo61couh000404juod5bxqah,이태원 해밀턴호텔 파노라마 전광판 광고,D,impressions=2800000;dailyFootfall=23286,impressions>dailyFootfall×31,,2026-08-20T01:47:07.025Z,
cmqp7sr5k000004jpyzaczfao,분당선 압구정로데오역 헬로 로데오 DS 광고,D,impressions=6500000;dailyFootfall=38000,impressions>dailyFootfall×31,,2026-08-19T15:01:24.638Z,
cmpca463d000404l8on57twws,순천 조례삼거리 서울우리병원 전광판 광고,D,impressions=1600000;dailyFootfall=28000,impressions>dailyFootfall×31,,2026-08-19T15:01:24.666Z,
cmp0h0vim000004l756rxncaq,강원 웰리힐리 파크 스키장 전광판 광고,D,impressions=320000;dailyFootfall=8500,impressions>dailyFootfall×31,,2026-08-19T15:01:24.670Z,
cmptfu901000204leus08dpvg,신세계 여주 프리미엄 아울렛 전광판 광고,D,impressions=2800000;dailyFootfall=25000,impressions>dailyFootfall×31,,2026-08-19T15:01:27.241Z,
cmo61eta5000604jujfng9shu,이태원 스크린LED 전광판 광고,D,impressions=2600000;dailyFootfall=23286,impressions>dailyFootfall×31,,2026-08-19T15:01:27.254Z,
cmqaedojj000p04laqr25pbdl,AK플라자 평택점 LED 광고,D,impressions=4200000;dailyFootfall=65000,impressions>dailyFootfall×31,,2026-08-19T15:01:24.698Z,
cmqnw55um000504l7mmuapmbt,메가박스 시그니처 삼성 코엑스점 전광판 광고,D,impressions=4500000;dailyFootfall=45000,impressions>dailyFootfall×31,,2026-08-19T15:01:24.728Z,
cmqsvljxg00020ajbbzl4u9p2,을지로4가역 지하철 5호선 CM보드 조명 광고 (인쇄),D,impressions=1350000;dailyFootfall=39000,impressions>dailyFootfall×31,,2026-08-19T15:01:24.763Z,
cmo60rxbv000404jus61guhsy,동대문 밀리오레빌딩 전광판 광고,D,impressions=1100000;dailyFootfall=24771,impressions>dailyFootfall×31,,2026-08-19T15:01:27.346Z,
cmp3v7v99000204l1gdoodg2q,택시 미디어바 광고,D,impressions=14500000;dailyFootfall=450000,impressions>dailyFootfall×31,,2026-08-19T15:01:24.871Z,
cmp0gi5je000g04jile8iqnr5,인천지하철 1호선 부평역 디지털사이니지 (디지털포스터) 광고,D,impressions=3700000;dailyFootfall=65000,impressions>dailyFootfall×31,,2026-08-19T15:01:27.360Z,
cmo5y12ki000004jvzvukboze,명동 고려빌딩 전광판 광고,D,impressions=1100000;dailyFootfall=33414,impressions>dailyFootfall×31,,2026-08-20T01:18:58.582Z,
cmqsuzrfj000109jfjhjkjgaf,논현역 지하철 7호선 CM보드 영상 광고 (디지털),D,impressions=1650000;dailyFootfall=34000,impressions>dailyFootfall×31,,2026-08-19T15:01:24.916Z,
cmqi7afly000804jjt8wtzifh,광주 지하철 디지털포스터 광고,D,impressions=4500000;dailyFootfall=85000,impressions>dailyFootfall×31,,2026-08-19T17:56:53.042Z,
cmrep774v000304jrv9zmylys,부산 해운대 엘리시아 호텔 외벽 광고,D,impressions=6500000;dailyFootfall=180000,impressions>dailyFootfall×31,,2026-08-19T15:01:24.952Z,
cmrwg26u0000104l20ofjcxkk,인천지하철 2호선 주안역 I-SCREEN 영상광고,D,impressions=3150000;dailyFootfall=55513,impressions>dailyFootfall×31,,2026-08-19T15:01:24.956Z,
cmo61gmgi000004l8w1yyvtdo,이태원 KB국민은행 전광판 광고,D,impressions=950000;dailyFootfall=23286,impressions>dailyFootfall×31,,2026-08-19T15:01:24.977Z,
cmp0s58ou000404kty3ncswwp,대구 국제공항 국내선 2층 격리대합실 사각기둥 광고,D,impressions=1600000;dailyFootfall=7200,impressions>dailyFootfall×31,,2026-08-19T15:01:25.031Z,
cmpxgdyzc000004jsicuh4bvb,지하철 신분당선 판교역 미디어가든 광고,D,impressions=4200000;dailyFootfall=85000,impressions>dailyFootfall×31,,2026-08-19T15:01:25.142Z,
cmpdb1yeb000004jxohnd90wm,춘천 중앙로터리 SC제일은행 전광판 광고,D,impressions=2100000;dailyFootfall=42000,impressions>dailyFootfall×31,,2026-08-19T15:01:25.209Z,
cmo602kh0000004jujhbem3zx,영동대교 블루펄 전광판 광고,D,impressions=1800000;dailyFootfall=43429,impressions>dailyFootfall×31,,2026-08-20T02:23:41.613Z,
cmqqu75fp000704js9nhywx9p,공항철도 홍대입구역 중앙통로 벽면 패키지 광고,D,impressions=3200000;dailyFootfall=55000,impressions>dailyFootfall×31,,2026-08-20T03:30:21.163Z,
cmp0t5i19000204l8mvpk474w,대전 동부네거리 LED 전광판 광고,D,impressions=3800000;dailyFootfall=105000,impressions>dailyFootfall×31,,2026-08-19T15:01:25.237Z,
cmox0ppcz000004l4r6sp277c,KTX 서울역 파노라마 전광판 광고,D,impressions=18500000;dailyFootfall=274000,impressions>dailyFootfall×31,,2026-08-20T04:54:32.238Z,
cmqa7wy4o000204iegd2fmtl5,제주공항 2층 면세구간 사각기둥 LED 광고,D,impressions=4200000;dailyFootfall=38000,impressions>dailyFootfall×31,,2026-08-19T15:01:25.393Z,
cmqa8ejxd000004lacybzvzho,"제주공항 3층 출발장 라이트박스 광고(LB-09, LB-10)",D,impressions=2400000;dailyFootfall=32000,impressions>dailyFootfall×31,,2026-08-19T15:01:25.441Z,
cmp0rlo9x000004ktbg9ix4ad,강원 휘닉스파크 스키장 전광판 광고,D,impressions=420000;dailyFootfall=12000,impressions>dailyFootfall×31,,2026-08-19T15:01:25.449Z,
cmokcok1s000204l1rtbt1scz,스타필드 하남 주차장 파노라마 광고,D,impressions=5500000;dailyFootfall=70000,impressions>dailyFootfall×31,,2026-08-19T15:01:25.453Z,
cmp0s2i8b000004jxap4ok8ci,대구 국제공항 카트 광고,D,impressions=1800000;dailyFootfall=8500,impressions>dailyFootfall×31,,2026-08-19T15:01:25.467Z,
cmoyk2ahd000204leto9vdkw3,대구 죽전사거리 윤암빌딩 전광판 광고,D,impressions=4200000;dailyFootfall=85000,impressions>dailyFootfall×31,,2026-08-19T15:01:25.482Z,
cmqg8kvgl000004jmez9xrqvi,성남 페퍼저축은행 본점 전광판,D,impressions=2950000;dailyFootfall=95000,impressions>dailyFootfall×31,,2026-08-19T15:01:25.495Z,
cmp0ghi1y000k04ib74b3zpz2,인천지하철 1호선 계양역 디지털사이니지 (디지털포스터) 광고,D,impressions=950000;dailyFootfall=25000,impressions>dailyFootfall×31,,2026-08-19T15:01:25.537Z,
cmretjv9h000a04jv0j4vb59t,서면 롯데백화점 중앙몰 디지털 사이니지 광고,D,impressions=3200000;dailyFootfall=85000,impressions>dailyFootfall×31,,2026-08-19T15:01:25.660Z,
cmp0gd45o000c04ji4usu8p0e,인천지하철 1호선 예술회관역 디지털사이니지 (디지털포스터) 광고,D,impressions=1250000;dailyFootfall=22000,impressions>dailyFootfall×31,,2026-08-19T15:01:25.705Z,
cmqa7mm2x000104lbnnn4rn6m,제주공항 1층 도착장 라이트박스 광고 (LB-01),D,impressions=2800000;dailyFootfall=42000,impressions>dailyFootfall×31,,2026-08-19T15:01:25.755Z,
cmoyjyni0000204jujc85dhca,대구 신세계백화점 전광판 광고,D,impressions=6500000;dailyFootfall=120000,impressions>dailyFootfall×31,,2026-08-19T15:01:25.773Z,
cmo5xx2hc000004ju59vmg59d,명동 K파이낸스빌딩 전광판 광고,D,impressions=1400000;dailyFootfall=33414,impressions>dailyFootfall×31,,2026-08-20T02:12:05.101Z,
cms4vx7fe000904jo2kzchcof,김해국제공항 진입로 광고,D,impressions=6200000;dailyFootfall=95000,impressions>dailyFootfall×31,,2026-08-19T15:01:25.923Z,
cmoy5n2kk000204jsrrom21ib,대구 반월당역 환승구간 터널 전광판 광고 세트,D,impressions=5800000;dailyFootfall=165000,impressions>dailyFootfall×31,,2026-08-20T00:40:50.907Z,
cmqa924nc000204ky1c141kst,제주공항 국내선 출발/도착 DS 광고 (패키지),D,impressions=3200000;dailyFootfall=48000,impressions>dailyFootfall×31,,2026-08-20T01:54:51.618Z,
cmq98gjxy000704jj0lvh0o8q,스타필드 빌리지 운정점 LED 전광판 광고,D,impressions=3500000;dailyFootfall=70000,impressions>dailyFootfall×31,,2026-08-19T15:01:26.006Z,
cmoeiqs47000004k7n7mp111t,지하철 2호선 강남역 미디어월 광고,D,impressions=1800000;dailyFootfall=54026,impressions>dailyFootfall×31,,2026-08-19T15:01:26.009Z,
cmqqtj8lq000104l4xr4ajz0v,공항철도 홍대입구역 환승통로 무인워크 패키지 광고,D,impressions=2500000;dailyFootfall=45000,impressions>dailyFootfall×31,,2026-08-20T02:59:05.202Z,
cmokdw4hv000204jr73i3k86r,인천공항 T2 미디어아트 광고,D,impressions=4800000;dailyFootfall=130000,impressions>dailyFootfall×31,,2026-08-19T15:01:26.145Z,
cmqstp5bx00030bkn0xs830xg,공덕역 지하철 5호선 CM보드 영상 광고 (디지털),D,impressions=2700000;dailyFootfall=73000,impressions>dailyFootfall×31,,2026-08-19T15:01:26.214Z,
cmrwfuh1b000g04lghb3kaxkg,인천지하철 2호선 검암역 I-SCREEN 영상광고,D,impressions=1270000;dailyFootfall=22353,impressions>dailyFootfall×31,,2026-08-19T15:01:26.218Z,
cmqqtssxl000204jy0p8pkyo8,공항철도 홍대입구역 3번 출구 랩핑 패키지 광고,D,impressions=2200000;dailyFootfall=48000,impressions>dailyFootfall×31,,2026-08-19T15:01:26.224Z,
cmquwmka0000604l2qyl38ys7,명동 미디어폴 디지털 광고,D,impressions=6500000;dailyFootfall=120000,impressions>dailyFootfall×31,,2026-08-20T05:37:59.730Z,
cmremxktc000a04kvgdiifzb3,부산 서면교차로 전광판 광고,D,impressions=7200000;dailyFootfall=218530,impressions>dailyFootfall×31,,2026-08-19T15:01:26.250Z,
cmqsv94cy00030bjcnuxvei3k,어린이대공원역 지하철 7호선 CM보드 조명 광고 (인쇄),D,impressions=2700000;dailyFootfall=33000,impressions>dailyFootfall×31,,2026-08-19T15:01:26.254Z,
cmp0t5w75000004l5t8265ama,대전역사거리 LED 전광판 광고,D,impressions=4200000;dailyFootfall=125000,impressions>dailyFootfall×31,,2026-08-19T15:01:26.282Z,
cmqsv4rvb000609jf6hie6u56,장지역 지하철 8호선 CM보드 조명 광고 (인쇄),D,impressions=1350000;dailyFootfall=31000,impressions>dailyFootfall×31,,2026-08-19T15:01:26.317Z,
cmpti93x3000004iivq6hxh24,롯데월드 매직서클 & DID 패키지 광고,D,impressions=4500000;dailyFootfall=45000,impressions>dailyFootfall×31,,2026-08-19T15:01:26.334Z,
cmo5ym89i000204leidj4otua,명동 ME&MN 전광판 Sync 광고,D,impressions=2800000;dailyFootfall=66571,impressions>dailyFootfall×31,,2026-08-19T15:01:26.406Z,
cmqsuq16d000009jm80iv63qr,지하철 7호선 강남구청역 CM보드 조명 광고 (인쇄),D,impressions=1650000;dailyFootfall=48000,impressions>dailyFootfall×31,,2026-08-19T15:01:26.424Z,
cmrm3fc6d000n04kydi14rh4s,갤러리아 백화점 EAST DUAL LCD 광고,D,impressions=807500;dailyFootfall=8500,impressions>dailyFootfall×31,,2026-08-19T15:01:26.441Z,
cmp0rn2si000004ib4p2ytrb7,강원 비발디파크(구: 대명) 스키장 광고,D,impressions=520000;dailyFootfall=15000,impressions>dailyFootfall×31,,2026-08-19T15:01:26.447Z,
cmretfj3p000604jv3d4h48ea,서면 롯데백화점 중앙몰 전광판 광고,D,impressions=2800000;dailyFootfall=85000,impressions>dailyFootfall×31,,2026-08-19T15:01:26.450Z,
cmpcabkgx000004kw0io16eoi,광주 금남로 천하빌딩 전광판 광고,D,impressions=2400000;dailyFootfall=65000,impressions>dailyFootfall×31,,2026-08-19T15:01:26.461Z,
cmp0gjlox000m04ib37h33kgd,인천지하철 1호선 원인재역 디지털사이니지 (디지털포스터) 광고,D,impressions=1200000;dailyFootfall=21000,impressions>dailyFootfall×31,,2026-08-19T15:01:27.672Z,
cmpc9yuwa000004l8blx83uyn,여수 메가박스 전광판 광고,D,impressions=1800000;dailyFootfall=14200,impressions>dailyFootfall×31,,2026-08-20T00:40:42.197Z,
cmq3w55p4000304lg3tqbvgtw,성수동 렉트 외벽광고,D,impressions=2800000;dailyFootfall=45000,impressions>dailyFootfall×31,,2026-08-20T01:40:14.805Z,
cmqstjkkk00060aku4v2cv9am,광화문역 지하철 5호선 CM보드 영상 광고 (디지털),D,impressions=3300000;dailyFootfall=63000,impressions>dailyFootfall×31,,2026-08-19T15:01:26.499Z,
cmo5yzb4y000404k14gg5v50o,광화문 일민미술관 전광판 광고,D,impressions=1600000;dailyFootfall=35529,impressions>dailyFootfall×31,,2026-08-19T15:01:26.503Z,
cmq3wpngl000804l55es4eret,성수동 성화빌딩 외벽광고,D,impressions=2800000;dailyFootfall=45000,impressions>dailyFootfall×31,,2026-08-19T15:01:26.507Z,
cmrwgei4j000b04lat8caj53b,인천지하철 1호선 인천시청역 I-SCREEN 영상광고,D,impressions=1000000;dailyFootfall=17569,impressions>dailyFootfall×31,,2026-08-19T15:01:26.526Z,
cms4eaiq9000004l7rwt2xihe,트렌드랩 성수 이마트24 카운터사이니지 광고,D,impressions=1500000;dailyFootfall=35000,impressions>dailyFootfall×31,,2026-08-19T15:01:26.529Z,
cms4dirsw000204jr67k9mlqi,트렌드랩 성수 이마트24 쇼윈도 파사드 LED 사이니지 광고,D,impressions=2700000;dailyFootfall=45000,impressions>dailyFootfall×31,,2026-08-19T15:01:26.544Z,
cmqagank3000004l8e6y4bf8d,롯데백화점 부산본점 DS 패키지 광고,D,impressions=5200000;dailyFootfall=95000,impressions>dailyFootfall×31,,2026-08-19T15:01:27.816Z,
cmrt2lf3g000104lah9s0f760,김포공항 국제선 3층 출발장 일반 대합실 랜드마크 미디어 PKG 광고,D,impressions=3400000;dailyFootfall=90000,impressions>dailyFootfall×31,,2026-08-19T15:01:27.823Z,
cmocx14zb000004l05j30gdrc,스타필드 하남점 미디어타워 & 파노라마 스크린 광고,D,impressions=3200000;dailyFootfall=70000,impressions>dailyFootfall×31,,2026-08-19T15:01:26.684Z,
cmp0geb4p000i04ibjncqsfya,인천지하철 1호선 부평구청역 디지털사이니지 (디지털포스터) 광고,D,impressions=1800000;dailyFootfall=32000,impressions>dailyFootfall×31,,2026-08-19T15:01:26.726Z,
cmo61hvk4000004juhpy0zn8i,이태원 무신사 에비뉴빌딩 전광판 광고,D,impressions=1200000;dailyFootfall=23286,impressions>dailyFootfall×31,,2026-08-19T15:01:26.747Z,
cmrn711g8000404ib3hct4qpy,성신여대입구역 강북미디어빌딩 전광판 광고,D,impressions=2400000;dailyFootfall=40000,impressions>dailyFootfall×31,,2026-08-19T15:01:26.768Z,
cmnzd5ryk000004l40ww1vr5n,성수 SPACE-S50 외벽 아트월 광고,D,impressions=2850000;dailyFootfall=85000,impressions>dailyFootfall×31,,2026-08-19T15:01:26.855Z,
cmofzt13y000004iaqb29f71w,현대백화점 무역센터점 전광판 광고,D,impressions=8500000;dailyFootfall=231143,impressions>dailyFootfall×31,,2026-08-20T05:10:51.788Z,
cmqsuwnmd00020akqsftkqat9,강남구청역 지하철 7호선 CM보드 영상 광고 (디지털),D,impressions=1650000;dailyFootfall=48000,impressions>dailyFootfall×31,,2026-08-19T15:01:26.897Z,
cmo61lsrg000204juraw6dpsw,이태원역 178 외벽 아트월 광고,D,impressions=1800000;dailyFootfall=23286,impressions>dailyFootfall×31,,2026-08-19T15:01:26.918Z,
cms4e45j8000004jo3l2o58a7,이마트24 본점 쇼윈도 LED 사이니지 광고,D,impressions=1800000;dailyFootfall=28000,impressions>dailyFootfall×31,,2026-08-19T15:01:26.929Z,
cmpwxsqf5000004jst7x1huq3,KTX 경주역 출입구 상단 조명 광고 (1번/2번),D,impressions=2500000;dailyFootfall=35000,impressions>dailyFootfall×31,,2026-07-31T16:47:23.309Z,
cmqsvaxtt00000ajjtiqzo55d,장지역 지하철 8호선 CM보드 영상 광고 (디지털),D,impressions=1350000;dailyFootfall=31000,impressions>dailyFootfall×31,,2026-08-19T15:01:26.982Z,
cmrl2hpgw000m04jp7f010nlv,여의도 파크원 미디어월 전광판 광고,D,impressions=5100000;dailyFootfall=85000,impressions>dailyFootfall×31,,2026-08-19T15:01:27.007Z,
cmqsutcos000104kvqvo0eua1,논현역 지하철 7호선 CM보드 조명 광고 (인쇄),D,impressions=1650000;dailyFootfall=34000,impressions>dailyFootfall×31,,2026-08-19T15:01:27.887Z,
cmqsts4as00030aku9se9w9l2,"공덕역 지하철 5,7호선 CM보드 조명 광고 (인쇄)",D,impressions=2700000;dailyFootfall=73000,impressions>dailyFootfall×31,,2026-08-19T15:01:27.144Z,
cmptgcp8w000004lcetwqulfq,양양고속도로 가평휴게소 미디어 광고,D,impressions=2200000;dailyFootfall=18000,impressions>dailyFootfall×31,,2026-08-19T15:01:27.156Z,
cmqa7t29m000404l4hc1dw5zl,제주공항 1층 국내/국제 경계선 LED 광고,D,impressions=3500000;dailyFootfall=48000,impressions>dailyFootfall×31,,2026-08-20T05:19:01.148Z,
cmq97qr8m000004lh178f83fr,스타필드 위례점 LED 전광판 광고,D,impressions=2800000;dailyFootfall=70000,impressions>dailyFootfall×31,,2026-08-19T15:01:27.208Z,
cmrwib77h000m04l28pi9b6ro,인천지하철 1호선 인천터미널역 디지털사이니지 (디지털포스터) 광고,D,impressions=2550000;dailyFootfall=45000,impressions>dailyFootfall×31,,2026-08-19T15:01:27.226Z,
cmq3x5pvz000504jpapuvuztt,성수동 KDB 산업은행 외벽 광고,D,impressions=2500000;dailyFootfall=45000,impressions>dailyFootfall×31,,2026-08-19T15:01:27.235Z,
cmq979xt9000304l1xdjsaylw,스타필드 하남점 LED 전광판 광고,D,impressions=4200000;dailyFootfall=70000,impressions>dailyFootfall×31,,2026-08-19T15:01:27.339Z,
cmq3whqri000h04lgafc3x5zu,성수동 길동우동 외벽 광고,D,impressions=2900000;dailyFootfall=48000,impressions>dailyFootfall×31,,2026-08-19T15:01:27.353Z,
cmqstx2v500000bkkde7vct8z,광화문역 지하철 5호선 CM보드 조명 광고 (인쇄),D,impressions=3300000;dailyFootfall=63000,impressions>dailyFootfall×31,,2026-08-19T15:01:27.410Z,
cmpcamnsx000004i3q2d5ohav,광주 송정역 은성빌딩 전광판 광고,D,impressions=3800000;dailyFootfall=85000,impressions>dailyFootfall×31,,2026-08-19T15:01:27.420Z,
cmpwy0iwv000204jsg5oa2bu2,KTX 경주역 LED전광판 광고,D,impressions=2500000;dailyFootfall=35000,impressions>dailyFootfall×31,,2026-08-19T15:01:27.444Z,
cmqnw98wt000n04jryvia4on2,메가박스 시그니처 구의 이스트폴점 전광판 광고,D,impressions=2800000;dailyFootfall=28000,impressions>dailyFootfall×31,,2026-08-19T15:01:27.454Z,
cmrt2dmsg000104l9my1k54w6,김포공항 국제선 1층 도착장 격리 대합실 캐로셀 PKG 광고,D,impressions=3100000;dailyFootfall=95000,impressions>dailyFootfall×31,,2026-08-19T15:01:27.566Z,
cmrt3x81j000a0ai2n6bw5005,김포공항 TV전시대 LIGHT BOX 광고,D,impressions=3200000;dailyFootfall=95000,impressions>dailyFootfall×31,,2026-08-19T15:01:27.569Z,
cmpdbwneg000004ju3yqfxpqc,원주 남부시장사거리 전광판 광고,D,impressions=1800000;dailyFootfall=35000,impressions>dailyFootfall×31,,2026-08-19T15:01:27.607Z,
cmrt2n1xo000o04lahsa931mf,김포공항 국제선 3층 출발장 격리 대합실 상단 와이드스크린 광고,D,impressions=3300000;dailyFootfall=88000,impressions>dailyFootfall×31,,2026-08-19T15:01:27.620Z,
cmrwfnosu000m04laknk1lk46,인천지하철 1호선 테크노파크역 I-SCREEN 영상광고,D,impressions=1470000;dailyFootfall=25879,impressions>dailyFootfall×31,,2026-08-19T15:01:27.983Z,
cmqa8uayk000004if5mo3208k,제주공항 프로모션 존 광고,D,impressions=1800000;dailyFootfall=55000,impressions>dailyFootfall×31,,2026-08-19T15:01:27.691Z,
cmo60kl2h000004ju46tn4790,서울역 부양빌딩 전광판 광고,D,impressions=9500000;dailyFootfall=298000,impressions>dailyFootfall×31,,2026-08-19T15:01:27.850Z,
cmokdkqkp000004jyotnkpv5h,인천공항 T2 스폰서 미디어 광고,D,impressions=4500000;dailyFootfall=130000,impressions>dailyFootfall×31,,2026-08-19T15:34:40.708Z,
cmrn6o2ez000904l75lkwwgol,신도림역 디큐브시티 LED 영상 광고,D,impressions=1800000;dailyFootfall=30000,impressions>dailyFootfall×31,,2026-08-19T15:01:28.005Z,
cmp0s31ke000404l23ohfyxzd,대구 죽전사거리 윤암빌딩 전광판 광고,D,impressions=3200000;dailyFootfall=95000,impressions>dailyFootfall×31,,2026-08-19T15:01:28.035Z,
cmq97fjbd000704l10023hg6a,더현대 서울 디지털갤러리 광고,D,impressions=3200000;dailyFootfall=54857,impressions>dailyFootfall×31,,2026-08-20T01:55:21.643Z,
cmqsuok4v000004juzcg0peji,목동역 지하철 5호선 CM보드 영상 광고 (디지털),D,impressions=1350000;dailyFootfall=32000,impressions>dailyFootfall×31,,2026-08-19T15:01:28.085Z,
cmqqu3jmw000404jslayiqp5s,공항철도 홍대입구역 4번 출구 패키지 광고,D,impressions=2800000;dailyFootfall=50000,impressions>dailyFootfall×31,,2026-08-19T15:01:28.091Z,
cmqg6okft000104l2yh5dll83,강서구청사거리 SJ라벨라 전광판 광고,D,impressions=2550000;dailyFootfall=82000,impressions>dailyFootfall×31,,2026-08-19T15:01:28.173Z,
cmqnxndxp000004kzq0pe5bke,시그니처 도산 전광판 광고,D,impressions=4800000;dailyFootfall=80000,impressions>dailyFootfall×31,,2026-08-19T15:01:28.180Z,
cmqsvfqun00010ajf9igcanhx,철산역 지하철 7호선 CM보드 조명 광고 (인쇄),D,impressions=1350000;dailyFootfall=42000,impressions>dailyFootfall×31,,2026-08-19T15:01:28.199Z,
cmoxv0c10000004ibkhytl26r,부산 남포동 HL타워 전광판 광고,D,impressions=5800000;dailyFootfall=175000,impressions>dailyFootfall×31,,2026-08-19T15:01:28.224Z,
cmretdztq000d04jzfoizdihm,서면 롯데백화점 중앙몰 디지털포스터 광고,D,impressions=4500000;dailyFootfall=85000,impressions>dailyFootfall×31,,2026-08-19T15:01:28.248Z,
cmqa89ys3000g04laexgq6r7t,제주공항 2층 면세점 라이트박스 광고,D,impressions=2600000;dailyFootfall=35000,impressions>dailyFootfall×31,,2026-08-19T15:01:28.279Z,
cmrm3li4a000104iemha295of,갤러리아 백화점 WEST 출입구 DS 광고,D,impressions=807500;dailyFootfall=8500,impressions>dailyFootfall×31,,2026-08-19T15:01:28.307Z,
cmra67eet000104l76ok7mf72,양양서피비치 선셋바 포토월 광고,D,impressions=1680000;dailyFootfall=28000,impressions>dailyFootfall×31,,2026-08-19T15:01:28.440Z,
cmqa8jogg000b04lapfs3omr9,제주공항 TV전시대 라이트박스 광고,D,impressions=3800000;dailyFootfall=45000,impressions>dailyFootfall×31,,2026-08-19T15:01:28.457Z,
cmqafnkt6000004jo47xxvcrb,지하철 신분당선 강남역 미디어가든 광고,D,impressions=8500000;dailyFootfall=180000,impressions>dailyFootfall×31,,2026-08-19T15:01:28.463Z,
cmqzz9xdu00030aho3swdnc8x,구의역 이스트폴 스퀘어 파노라마 + LED 보드 광고,D,impressions=3200000;dailyFootfall=54570,impressions>dailyFootfall×31,,2026-08-19T15:01:28.466Z,
cmqg6em2r000c04l50zwklunv,강서구청사거리 베스틴빌딩 전광판 광고,D,impressions=2650000;dailyFootfall=85000,impressions>dailyFootfall×31,,2026-08-19T15:01:28.480Z,
cmqsvijtu000204jphuqbhlm3,강동역 지하철 5호선 CM보드 조명 광고 (인쇄),D,impressions=1650000;dailyFootfall=34000,impressions>dailyFootfall×31,,2026-08-19T15:01:28.487Z,
cmqsve0ds00000ajffvsoi5xm,어린이대공원역 지하철 7호선 CM보드 영상 광고 (디지털),D,impressions=2700000;dailyFootfall=33000,impressions>dailyFootfall×31,,2026-08-19T15:01:28.497Z,
cmq3wwc63000j04lgcmp77yeg,성수동 자연도소금빵 외벽 광고,D,impressions=1800000;dailyFootfall=35000,impressions>dailyFootfall×31,,2026-08-19T15:01:28.543Z,
cmp3v92yy000004jr7i6ykgy1,골프장 미디어바 광고,D,impressions=2850000;dailyFootfall=8500,impressions>dailyFootfall×31,,2026-08-20T01:03:06.400Z,
cmq3wd9aw000504l5lfq1lha8,성수동 한서빌딩 외벽광고,D,impressions=2900000;dailyFootfall=48000,impressions>dailyFootfall×31,,2026-08-19T15:01:28.600Z,
cmou04p01000004jmsik3qj6b,부산 해운대 임팩트웨이브 전광판 광고,D,impressions=4500000;dailyFootfall=145000,impressions>dailyFootfall×31,,2026-08-19T15:01:28.606Z,
cmo5yramn000504jul2h2i3y6,시청 프레지던트호텔 아트월 광고,D,impressions=2800000;dailyFootfall=33414,impressions>dailyFootfall×31,,2026-08-19T15:01:28.634Z,
cmp2ucw28000004l7j79f01mm,진주 진주교사거리 전광판 광고,D,impressions=2200000;dailyFootfall=65000,impressions>dailyFootfall×31,,2026-08-19T15:01:28.658Z,
cmrm3e9hb000204jmhn2x9rnz,갤러리아 백화점 EAST B1 MEDIA WALL 광고,D,impressions=807500;dailyFootfall=8500,impressions>dailyFootfall×31,,2026-08-19T15:01:28.664Z,
cmpmip7fl000004ju6113q3tc,구파발역 스마트쉘터 광고,D,impressions=850000;dailyFootfall=18500,impressions>dailyFootfall×31,,2026-08-19T23:08:34.804Z,
