group,ratioRank,mediaId,mediaName,impressions,dailyFootfall,ratio,dailyFootfallx30,copyMonthlyVsDailyX30,copyDailyVsFootfall,copyMonthlyVsImpressions,copySnippets,copyMismatchReasons,description,effectMemo,priceNote,location,price,cpm,recalcCpm,priceEqualsImpressions,hasProposal,proposalFileExists,proposalFileCount,reviewStatus,reviewReason,alreadyPhaseB6,isActive,mediaSubCategory
1,1,cmoyjxgn5000004lepbkbec5l,NC 다이노스 메인 전광판 광고,8500000,12000,708.33,360000,카피숫자없음,카피숫자없음,카피숫자없음,,,"NC 다이노스 야구장 광고는 창원 NC파크 구장 내부에 설치된 다양한 형태의 스포츠 마케팅 매체입니다. 홈경기 개최 시 평균 1만 명 이상의 관중과 TV 중계를 통한 수십만 시청자에게 동시 노출되어 광범위한 광고 효과를 제공합니다. 경기 관람 중 자연스럽게 시선이 향하는 펜스, 전광판, 스코어보드 등에 위치하여 높은 주목도와 반복 노출 효과를 보장하며 열정적인 야구 팬들의 긍정적 감성과 연결됩니다. 지역 기반 브랜드, 금융상품, 식음료, 가족 타겟 제품 등 스포츠와 연계한 브랜드 이미지 제고가 필요한 광고주에게 최적화된 매체입니다.","창원 NC파크 메인 전광판(2208×1200 pixel)은 홈경기당 평균 1만 명 이상 관중 + TV 중계 수십만 시청자에게 동시에 노출되는 초고주목도 스포츠 마케팅 매체입니다. 경기 중 자연스럽게 시선이 집중되는 위치로 높은 반복 노출 효과를 제공하며, 열정적인 야구 팬들의 긍정적 감성과 연결되어 브랜드 이미지 제고에 탁월합니다. 지역 브랜드, 금융, 식음료, 가족 타겟 제품의 스포츠 연계 캠페인에 최적화된 프리미엄 디지털 매체입니다.","6개월 기준 40,000,000원 (월 환산 약 6,666,667원, VAT 별도)",경남 창원시 마산회원구 삼호로 63 (창원 NC파크),7000000,824,824,N,false,없음,0,clean,,N,true,leisure
1,2,cmp3biu21000004l8a8ijkh9c,지하철 2호선 메트로라이브 광고,45000000,130000,346.15,3900000,불일치,카피숫자없음,불일치,"월 평균 7,000만명→70,000,000",카피월≠daily×30;price=impressions,"서울 지하철 2호선 내·외선 열차 내부에 설치된 디지털 미디어 매체입니다. 출입문 상단에 W자 형태로 설치된 대형 LCD 스크린으로, 2호선 이용객의 시선을 집중적으로 사로잡는 고효율 차내 디지털 광고 매체입니다. 기존 인쇄물에서 디지털로 리뉴얼되어 화면 크기와 해상도가 확대되었으며, 브랜드 영상과 이미지를 다양하게 활용할 수 있습니다.","메트로라이브는 서울 지하철 2호선 내·외선 열차 내부에 설치된 프리미엄 차내 디지털 매체입니다. 2호선은 서울에서 가장 이용객이 많은 노선으로, 월 평균 7,000만명 이상이 이용합니다. 출입문 상단에 설치된 대형 LCD로 승객들의 시선이 자연스럽게 집중되며, 15초 소재 기준 일 70회 이상 송출이 보장됩니다. 브랜드 영상 전면 표출, 영상+이미지 동시 표출, 중앙 배치 등 다양한 크리에이티브 형식을 지원합니다.","1구좌 기준 월 45,000,000원 (VAT 별도)",서울 지하철 2호선 내·외선 열차 내부 (총 70면성),45000000,1000,1000,Y,false,있음,4,flagged,subway_monthly_cap,Y,true,subway_station
1,3,cmp3v92yy000004jr7i6ykgy1,골프장 미디어바 광고,2850000,8500,335.29,255000,카피숫자없음,카피숫자없음,카피숫자없음,,,"경기도 용인, 파주, 이천, 가평 등 수도권 주요 골프장 라운지 및 카트 내부에 설치된 디지털 미디어바 광고 매체로, 평균 4시간 이상 체류하는 이용객에게 지속 노출되는 고급 타깃형 매체입니다. 이동 중 자연스럽게 시선이 머무는 위치에 설치되어 브랜드 인지도 제고와 프리미엄 이미지를 동시에 강화할 수 있습니다. 뷰티, 리빙, 금융, 자동차 등 고소득층 중심의 라이프스타일 브랜드 홍보에 효과적입니다.","수도권 주요 골프장(용인·파주·이천·가평) 라운지 및 카트에 설치된 미디어바 매체입니다. 평균 4시간 이상 체류하는 고소득층 이용객에게 지속적·근접 노출이 가능하며, 프리미엄 이미지와 브랜드 인지도 제고에 탁월한 효과를 발휘합니다. 뷰티, 리빙, 금융, 자동차 등 라이프스타일 브랜드의 고급 타겟 마케팅에 최적화된 프리미엄 DOOH 매체입니다.",구장 수별 차등 (VAT 별도),"경기도 용인, 파주, 이천, 가평 주요 골프장",5000000,1754,1754,N,false,없음,0,clean,,N,true,subway_station
1,4,cmp0s58ou000404kty3ncswwp,대구 국제공항 국내선 2층 격리대합실 사각기둥 광고,1600000,7200,222.22,216000,카피숫자없음,카피숫자없음,카피숫자없음,,,"대구국제공항 국내선 2층 격리대합실 사각기둥 전광판 11,12 매체는 탑승 대기 중인 이용객에게 지속적으로 노출되는 프리미엄 디지털 옥내광고입니다. 탑승 게이트 인근 핵심 동선에 위치해 시선 집중도가 높으며 자연스러운 반복 노출로 브랜드 인지 효과를 극대화합니다. 공항 특유의 여유로운 체류 환경 속에서 영상 중심의 생동감 있는 브랜드 경험을 제공합니다.","대구국제공항 국내선 2층 격리대합실 사각기둥 11,12에 설치된 세로형 DOOH 매체(1m × 1.5m, 2기 8면)입니다. 탑승 게이트 인근 핵심 대기 공간에 위치해 탑승을 기다리는 이용객에게 지속적이고 반복적인 노출이 가능합니다. 공항 특유의 여유로운 체류 환경에서 20초 MP4 영상으로 생동감 있는 브랜드 경험을 제공하며, 높은 시선 집중도와 인지 효과를 기대할 수 있는 프리미엄 공항 옥내 매체입니다.","1개월 기준 2,000,000원 (VAT 별도)","대구광역시 동구 공항로 221 대구국제공항 국내선 2층 격리대합실 사각기둥 11,12",2000000,1250,1250,N,false,없음,0,clean,,N,true,airport
1,5,cmp0s2i8b000004jxap4ok8ci,대구 국제공항 카트 광고,1800000,8500,211.76,255000,카피숫자없음,카피숫자없음,카피숫자없음,,,"본 매체는 대한민국 대구에 위치한 OOH(Out-Of-Home) 매체로, 공항에 속하며, 3개, 3면 으로 구성되어 있습니다. 광고 집행 최소 비용은 4,000,000KRW입니다.","대구국제공항 내 이동하는 카트 3개 3면에 설치된 정적 OOH 매체입니다. 여행객들이 공항 이동 시 반드시 이용하는 카트에 출력물(49×25cm, 17×33cm, 46×12cm)이 부착되어 높은 노출 빈도를 제공합니다. 1개월 100구좌 기준으로 집행 가능하며, 도착·출발 동선과 면세점·게이트 이동 시 자연스러운 주목을 받을 수 있어 여행·관광·소비재 브랜드에게 효과적인 공항 OOH 매체입니다.","1개월 기준 4,000,000원 (VAT 별도, 100구좌)",대구광역시 동구 공항로 221 대구국제공항,4000000,2220,2222,N,false,없음,0,clean,,N,true,airport
1,6,cms4vn593000404jo50pv0lmb,스크린골프 미디어 (Screengolf) 광고,14139000,70000,201.99,2100000,카피숫자없음,카피숫자없음,카피숫자없음,,,"장시간 집중도 있는 노출로 3050 대상을 최적화한 홍보매체. 스크린골프장 이용객의 평균 체류시간 3시간 기준으로 동일인에게 평균 30회 노출되며, 구매력을 갖춘 명확한 타겟에게 지속적·반복적으로 광고를 송출하는 전국 네트워크 매체입니다.","전국 4,713대 스크린골프 미디어 네트워크. 이용객 평균 체류 3시간으로 동일인 평균 30회 노출. 1대당 일 100회 송출, 전국 일 471,300회 이상 노출 가능. 상업광고 20구좌 + 콘텐츠 10구좌 운영. 구매력 높은 3050 타겟에게 장시간 집중 노출이 가능한 최적 플랫폼입니다.",전국 패키지 30초 기준 (VAT 별도). 장기 계약 시 3개월 10% / 6개월 20% / 12개월 30% 할인,"전국 스크린골프장 (매장 540개 / 미디어 4,713대)",25000000,1768,1768,N,false,없음,0,clean,,N,true,leisure
1,7,cmozef5v4000404l21zc780sn,인천공항 T1 Center Bridge,20000000,110000,181.82,3300000,카피숫자없음,카피숫자없음,카피숫자없음,,cpm≤10(placeholder),출국 수속 후 비행기 탑승 전 이용하는 면세점과 쇼핑 및 편의시설 구역에 위치한 매체입니다. 대부분의 여행객이 가장 오랜 시간을 머무는 공간으로 다수의 글로벌 패션 및 명품 브랜드 매장 인근에 위치해 높은 노출 효과를 제공합니다.,"인천국제공항 제1여객터미널 출발층 면세점과 쇼핑·편의시설 구역 내 Center Bridge에 위치한 대형 가로형 OOH 매체(9m × 2.5m, 4기)입니다. 출국 수속 후 탑승 전까지 대부분의 여행객이 가장 오랜 시간을 보내는 핵심 쇼핑 동선에 자리하여 지속적이고 높은 노출 효과를 제공합니다. 다수의 글로벌 패션 및 명품 브랜드 매장 인근에 위치해 프리미엄 브랜드 인지도 제고에 탁월하며, 여행객들의 이동과 쇼핑 과정에서 자연스럽게 시선을 사로잡는 효과적인 매체입니다. 럭셔리 패션, 명품, 뷰티, 액세서리 등 브랜드의 공항 내 프리미엄 마케팅에 최적화되어 있습니다.","1개월 기준 80,000,000원 (VAT 별도)",인천광역시 중구 공항로 271,80000000,4,4000,N,false,없음,0,flagged,subway_monthly_cap,Y,false,subway_station
1,8,cmp0s5qz9000404jxxq1ve1su,대구 국제공항 도착장 멀티비전 광고,2200000,12500,176,375000,카피숫자없음,카피숫자없음,카피숫자없음,,,대구국제공항 도착장 멀티비전 매체는 도착장 출구 동선에 설치된 대형 디지털 스크린으로 공항을 이용하는 모든 승객과 방문객에게 높은 주목도로 노출되는 프리미엄 광고매체입니다. 입국 직후 자연스럽게 시선을 끌며 브랜드 메시지를 효과적으로 전달합니다. 이동 동선의 중심에 위치해 지속적인 노출과 강한 인지 효과를 제공하는 고품질 디지털 옥외매체입니다.,"대구국제공항 도착장 출구 동선에 설치된 대형 멀티비전 DOOH 매체(2.5m × 1.5m, 1기 2면)입니다. 입국하는 모든 승객과 마중객에게 자연스럽게 시선을 사로잡는 핵심 위치로, 입국 직후 높은 주목도와 반복 노출을 제공합니다. 20초 MP4 영상으로 생동감 있게 브랜드 메시지를 전달하며, 도착 동선 중심에 위치한 프리미엄 공항 매체로 강한 인지 효과와 브랜드 경험을 극대화합니다.","1개월 기준 2,000,000원 ~ 4,000,000원 (VAT 별도)",대구광역시 동구 공항로 221 대구국제공항 1층 도착장 멀티비전,4000000,1820,1818,N,false,없음,0,clean,,N,true,airport
1,9,cmqp7sr5k000004jpyzaczfao,분당선 압구정로데오역 헬로 로데오 DS 광고,6500000,38000,171.05,1140000,불일치,카피숫자없음,불일치,"월 97만 명→970,000",카피월≠daily×30,"서울 강남구 압구정로데오역 지하 1층 대합실에 설치된 프리미엄 디지털사이니지(DOOH) 매체입니다. 총 8기 30면의 86인치 UHD 대형 디지털 패널로 구성되어 있으며, 압구정 로데오·청담·도산공원으로 향하는 모든 출구 동선이 교차하는 중앙 광장에 위치해 높은 구매력의 럭셔리·트렌드 타겟에게 강력한 노출을 제공합니다. 채널, 오메가 등 럭셔리 브랜드가 실제 집행 중인 고관여·고시인성 실내 DOOH 매체입니다.","압구정로데오역 헬로 로데오는 압구정·청담·도산 일대 최고 구매력 타겟이 매일 지나가는 필수 동선에 위치한 대형 디지털사이니지입니다. 총 8기 30면의 압도적인 규모로 로비 중앙을 장악하며, 럭셔리·패션·뷰티 브랜드가 실제로 집행 중인 고품질 실내 DOOH 매체입니다. 월 97만 명 이상의 유동인구와 높은 소비지수를 보유한 프리미엄 타겟에게 강력한 브랜딩 효과를 제공합니다.","1구좌 기준 8,000,000원 (VAT 별도) / 총 20구좌 운영",서울 강남구 압구정로 402 지하 1층 대합실,8000000,1231,1231,N,false,없음,0,clean,,N,true,subway_station
1,10,cmp65rrot000004jx2o87isb3,시청 근원빌딩 전광판 광고,8500000,50000,170,1500000,카피숫자없음,카피숫자없음,카피숫자없음,,,"서울역에서 시청 및 광화문으로 향하는 구간에 위치하여 통행 차량과 보행자들에게 높은 주목도를 이끌어내는 매체입니다. 인근의 직장인들과 관광객들의 밀집으로 더욱 가시성이 뛰어난 매체로 자리 잡았습니다. 시청역 근원빌딩 전광판 광고는 서울 중구 세종대로 91에 위치한 대형 디지털 전광판으로, 20초 영상 기준 월 1,000만원에 운영됩니다.","시청역 근원빌딩에 위치한 대형 디지털 전광판입니다. 서울역~시청~광화문으로 이어지는 주요 동선에 자리해 차량과 보행자 모두에게 높은 가시성을 제공합니다. 직장인과 관광객이 밀집한 도심 핵심 구간으로, 브랜드 인지도 제고와 이벤트 홍보에 효과적인 프리미엄 전광판 매체입니다.","20초 기준 월 10,000,000원 (VAT 별도)",서울시 중구 세종대로 91 근원빌딩,10000000,1176,1176,N,false,없음,0,clean,,N,true,digital_signage
1,11,cmp3uwie0000204lbw1zmrp2l,금호 고속버스 외부 광고,18500000,120000,154.17,3600000,카피숫자없음,카피숫자없음,카피숫자없음,,,"금호고속이 운행하는 32개 노선, 약 410대 차량에 부착되는 외부 래핑 광고 매체로 전국 주요 도시 및 고속도로 구간을 오가며 광범위한 노출 효과를 제공합니다. 장거리 주행을 통한 이동형 매체 특성상 브랜드 인지도 확산과 메시지 반복 노출에 효과적이며 금융·통신·공공 캠페인 등 전국 단위 광고주에게 적합한 매체입니다.","금호고속 32개 노선, 약 410대 차량에 부착되는 이동형 외부 래핑 매체입니다. 전국 주요 도시와 고속도로를 장거리 운행하며 광범위한 지역 도달과 반복 노출이 가능합니다. 금융·통신·공공 캠페인 등 전국 단위 브랜드 인지도 확산에 최적화된 장거리 이동형 OOH 매체입니다.","면(위치)별 450,000원 (VAT 별도)",전국 금호고속버스 노선,450000,24,24,N,false,없음,0,clean,,N,true,bus_exterior
1,12,cmqi6xjgq000604jj5krliihl,광주 유스퀘어 기둥 전광판 광고,18000000,120000,150,3600000,카피숫자없음,카피숫자없음,카피숫자없음,,,"광주 최대 규모 복합 교통허브인 유스퀘어 승차홈에 설치된 프리미엄 기둥형 전광판(Digital Pillar) 광고입니다. 총 6기둥 24면으로 구성되어 있으며, 24시간 운영되는 고화질 LED 전광판으로 영상 또는 이미지를 노출합니다. 버스 이용객, 환승객, 쇼핑·여가 인구가 집중되는 핵심 동선에 위치해 압도적인 노출 효과를 자랑하는 광주 대표 디지털 OOH 매체입니다.","광주 유스퀘어는 하루 수십만 명이 이용하는 교통·상업 복합 공간입니다. 6개의 기둥 총 24면 전광판을 통해 20초 단위로 반복 노출되어 브랜드 인지도와 구매 전환에 매우 효과적이며, 24시간 운영으로 주간·야간 모두 강력한 시인성을 확보합니다.","20초 기준 5,000,000원 (10초 3백, 30초 7백)",광주광역시 서구 무진대로 904 유스퀘어,5000000,278,278,N,false,없음,0,clean,,N,true,digital_signage
1,13,cmp0s4prw000204ktul6suaow,대구 국제공항 국내선 1층 전광판 광고,1800000,12000,150,360000,카피숫자없음,카피숫자없음,카피숫자없음,,,대구국제공항 국내선 1층 일반대합실 도착장 외부 전광판 매체는 공항을 방문하는 승객과 마중객 모두에게 노출되는 고효율 디지털 옥외광고입니다. 도착장 출입구 인근에 위치해 자연스럽게 시선을 끌며 브랜드 메시지를 직접적으로 전달합니다. 항공 이동객뿐 아니라 상시 유동인구를 대상으로 지속적인 노출 효과를 제공하는 프리미엄 매체입니다.,"대구국제공항 국내선 1층 일반대합실 도착장에 위치한 가로형 DOOH 전광판(3.5m × 2.2m)입니다. 도착장 출입구 인근에 설치되어 공항 이용객과 마중객 모두에게 자연스럽게 노출되는 고효율 매체입니다. 국내선 도착객뿐 아니라 상시 유동인구를 대상으로 지속적인 반복 노출이 가능하며, 20초 MP4 영상으로 브랜드 메시지를 효과적으로 전달합니다. 도착 동선의 핵심 위치에서 높은 주목도와 인지 효과를 제공하는 프리미엄 공항 OOH 매체입니다.","1개월 기준 3,000,000원 (VAT 별도)",대구광역시 동구 공항로 221 대구국제공항 1층 일반대합실 도착장,3000000,1670,1667,N,false,없음,0,clean,,N,false,digital_signage
1,14,cmp0s3jby000204jxwc3kgllo,대구 국제공항 2층 출발장 보안검색 바구니 광고,1200000,8500,141.18,255000,카피숫자없음,카피숫자없음,카피숫자없음,,,대구국제공항 2층 출발장 보안검색 바구니 매체는 탑승 전 모든 이용객이 반드시 거치는 보안검색 과정에서 직접적인 시선 접점을 형성하는 체감형 광고 매체입니다. 검색 바구니 내부와 외부에 브랜드 메시지가 노출되어 이용객의 반복적인 시각 인지를 유도합니다. 공항 이용객 전원이 경험하는 필수 동선에 위치해 고효율의 브랜드 인지와 친근한 노출 효과를 제공합니다.,"대구국제공항 2층 출발장 보안검색 구역에 설치된 체감형 OOH 매체입니다. 탑승 전 모든 이용객이 반드시 거치는 보안검색 과정에서 검색 바구니(42×30cm) 내부·외부에 브랜드 메시지가 노출되어 반복적인 시각 인지를 유도합니다. 공항 출발객 전원이 경험하는 필수 동선에 위치해 높은 노출 빈도와 친근한 광고 효과를 제공하며, 100기 100면(100구좌) 규모로 브랜드 인지도 제고에 매우 효과적인 공항 OOH 매체입니다.","1개월 100구좌 기준 40,000원 (VAT 별도)",대구광역시 동구 공항로 221 대구국제공항 2층 출발장 보안검색 구역,40000,33,33,N,false,없음,0,clean,,N,true,airport
1,15,cmptf5nk9000004lebz3i8yv9,블루스퀘어 미디어 광고,1200000,8500,141.18,255000,카피숫자없음,카피숫자없음,카피숫자없음,,,"서울 용산구 이태원로 블루스퀘어에 설치된 실내·외 미디어광고 매체입니다. 블루스퀘어는 서울 대표 뮤지컬·공연장으로 관람객 유동이 매우 높으며, 글라스타워(외부), 지하철 디지털 사이니지, 공연장 내부 사이니지, 휘장 현수막 등 다양한 매체를 운영합니다. 공연 관람객과 문화·예술 타겟에게 최적화된 프리미엄 실내/외 DOOH 매체입니다.",블루스퀘어 내·외부에 설치된 다양한 미디어광고 매체입니다. 공연 관람객이 집중되는 공간으로 높은 주목도와 브랜드 친밀도를 제공합니다. 문화·예술·뷰티·패션·라이프스타일 브랜드 캠페인에 최적화된 프리미엄 실내 DOOH 매체입니다.,"매체 별 상이 (지하철/공연장 내부 사이니지 500만원/월, 글라스타워 4천만원/2주)",서울특별시 용산구 이태원로 294 블루스퀘어,5000000,,4167,N,true,있음,1,clean,,N,true,park
1,16,cmo5zgtqk000004l8s594fn51,신세계백화점 본점 신세계 스퀘어 전광판 광고,4500000,33414,134.67,1002420,카피숫자없음,불일치,카피숫자없음,"하루 평균 12만 명→120,000",카피일≠dailyFootfall,"서울 중구 소공동 신세계백화점 본점 외벽에 설치된 ‘신세계 스퀘어 LED 미디어’는 국내 최초 자유표시구역 지정 백화점 전면 미디어입니다. 총면적 약 1,292㎡의 초대형 커브드 LED 전광판으로 명동·시청·남대문을 잇는 도심 중심축에서 압도적인 시각적 존재감을 형성합니다. 하루 평균 12만 명 이상이 통행하는 고밀도 상권 내에서 럭셔리 브랜드, 패션, 뷰티 캠페인에 최적화된 프리미엄 DOOH 미디어로 국내 최고 수준의 해상도와 밝기를 제공합니다.","서울 중구 소공로 63 신세계백화점 본점 외벽에 설치된 초대형 77m × 17.6m 커브드 LED 전광판 ‘신세계 스퀘어’입니다. 국내 최초 자유표시구역 지정 백화점 전면 미디어로 총면적 약 1,292㎡ 규모이며, 명동·시청·남대문을 잇는 도심 중심축에서 압도적인 시각적 존재감을 제공합니다. 고해상도(9366 x 2142 pixel)와 밝기로 럭셔리·패션·뷰티 브랜드 캠페인에 최적화된 국내 최고 수준의 프리미엄 DOOH 매체입니다.","개별 영상(30초) 1개월 기준 110,000,000원 (VAT 별도)",서울 중구 소공로 63 신세계백화점 본점,110000000,24444,24444,N,false,없음,0,clean,,N,true,digital_signage
1,17,cmpc9yuwa000004l8blx83uyn,여수 메가박스 전광판 광고,1800000,14200,126.76,426000,카피숫자없음,카피숫자없음,카피숫자없음,,,"전라남도 여수시 웅천지구 메가박스 여수웅천에 설치된 대형 가로형 LED 전광판 매체입니다. 여수 주요 관광지(여수시청, 아쿠아플라넷, 해양케이블카, 마리나 등)와 해변가 진입로에 위치한 교차로 사거리 코너로 3방향 노출이 가능하며, 높은 차량 및 보행자 유동인구를 커버합니다. 여수 지역 상권 및 관광객 타겟 브랜드 홍보에 최적화된 프리미엄 DOOH 매체입니다.","여수 웅천지구 메가박스에 설치된 대형 가로형 LED 전광판(16m × 9m)입니다. 관광지 진입로 사거리 코너에서 3방향 노출이 뛰어나며, 여수시청·아쿠아플라넷·해양케이블카 등 주요 명소로 이동하는 차량과 관광객을 효과적으로 타겟팅합니다. 지역 브랜드, 관광 프로모션, 식음료, 리조트 등 캠페인에 최적화된 고효율 DOOH 매체입니다.","20초(1일 100회) 기준 4,000,000원 (VAT 별도)",전라남도 여수시 신월로 96 메가박스 여수웅천,4000000,2222,2222,N,false,없음,0,clean,,N,true,digital_signage
1,18,cmpthegrq000004lb9iccjkho,샤롯데시어터 디지털사이니지 광고,1500000,12000,125,360000,카피숫자없음,카피숫자없음,카피숫자없음,,,"서울 샤롯데시어터(롯데시어터) 내에 설치된 다양한 디지털 사이니지 매체입니다. 빅포스터(1층·4층), 티비즈(전층), 멀티비전(3층) 등 총 9기(빅포스터 2기 + 티비즈 6기 + 멀티비전 1기)로 구성되어 있으며, 공연 관람객이 집중되는 로비·통로·계단 등 주요 동선에 위치합니다. 뮤지컬·연극 관람객 중심의 20~40대 문화 소비층에게 높은 노출이 가능한 프리미엄 실내 DOOH 매체입니다.","샤롯데시어터 내 빅포스터, 티비즈, 멀티비전으로 구성된 디지털 사이니지 매체입니다. 공연 관람객이 대기하고 이동하는 주요 공간에 설치되어 높은 주목도와 브랜드 친밀도를 제공합니다. 뮤지컬·공연 프로모션, 뷰티·패션·라이프스타일 브랜드 캠페인에 최적화된 실내 프리미엄 DOOH 매체입니다.","패키지 기준 5,400,000원/월 (VAT 별도)",서울특별시 송파구 올림픽로 240,5400000,3600,3600,N,true,있음,1,clean,,N,true,digital_signage
1,19,cmptgcp8w000004lcetwqulfq,양양고속도로 가평휴게소 미디어 광고,2200000,18000,122.22,540000,카피숫자없음,카피숫자없음,카피숫자없음,,,"양양고속도로 가평휴게소(서울방향 및 춘천방향)에 설치된 DID 미디어광고 매체입니다. 고속도로 이용객이 휴식을 취하는 핵심 휴게소로, 패널 DID와 대형 DID를 운영하며 높은 체류시간과 반복 노출이 강점입니다. 장거리 운전자, 가족 여행객, 레저 활동객을 대상으로 한 효과적인 프리미엄 휴게소 DOOH 매체입니다.","양양고속도로 가평휴게소에 설치된 DID 미디어(패널 및 대형)입니다. 휴게소 이용객이 음식과 휴식을 취하는 공간에서 15초 소재를 하루 144회 이상 송출하며 높은 반복 노출을 제공합니다. 고속도로 이용객, 가족 여행객, 레저 활동객 대상 브랜드 홍보와 프로모션에 매우 효과적인 휴게소 프리미엄 매체입니다.","패널 DID 4,000,000원 / 대형 DID 2,500,000원 (VAT 별도)",경기도 가평군 설악면 미사리로540번길 51,4000000,1818,1818,N,true,있음,1,clean,,N,true,restaurant
1,20,cmokcw7on000204jso0xml0r3,스타필드 고양점 미디어타워 & 파노라마 스크린 광고,8500000,70000,121.43,2100000,카피숫자없음,일치,카피숫자없음,"일평균 7만 명→70,000 | 일평균 7만 명→70,000",,"스타필드 고양점은 일평균 7만 명, 주말 최대 10만 명이 방문하는 수도권 서북부 대표 복합 쇼핑몰입니다. 미디어타워와 파노라마 스크린은 중앙 아트리움 핵심 동선에 위치하여 모든 방문객의 시선을 집중시키는 초대형 매체입니다. 2030세대, 가족 단위 방문객, 프리미엄 소비층 등 다양한 타깃에게 브랜드 메시지를 강력하게 전달할 수 있습니다. 특히 경기 서북부 및 서울 서부권 소비자를 포괄하며 수도권 전역으로 도달 가능한 광역 랜드마크형 광고 솔루션을 제공합니다.","스타필드 고양점 중앙 아트리움 핵심 동선에 위치한 초대형 복합 매체(기둥 전면 6m×16m + 우측면 2m×16m + 벽면 파노라마 78m×1.8m)입니다. 일평균 7만 명(주말 최대 10만 명)이 방문하는 수도권 서북부 대표 복합몰의 랜드마크형 DOOH로, 모든 방문객의 시선을 강력하게 집중시킵니다. 2030세대, 가족 단위, 프리미엄 소비층 등 다양한 타깃에게 브랜드 메시지를 효과적으로 전달할 수 있으며, 경기 서북부 및 서울 서부권을 아우르는 광역 도달력을 제공하는 프리미엄 실내 매체입니다.","1개월 20초 영상 25,000,000원 (VAT 별도)",경기 고양시 덕양구 고양대로 1955,25000000,2941,2941,N,false,없음,0,clean,,N,true,mall
2,22,cmrx2jg0z001n04jr751ualgm,KTX 전주역 맞이방 영상광고 (4번) 광고,1800000,15000,120,450000,카피숫자없음,카피숫자없음,카피숫자없음,,cpm≤10(placeholder),"전주역 맞이방에 설치된 대형 영상광고 매체입니다. 4,000 × 2,000mm 규격의 디지털 스크린으로, 역사 이용객이 집중되는 맞이방 핵심 위치에 노출됩니다. 일 200회 내외(월 약 6,000회) 표출되며, 15구좌 기준으로 운영됩니다.","전주역 맞이방 영상광고는 역사 이용객이 가장 많이 모이는 핵심 동선에 위치한 대형 디지털 매체입니다. 일 200회 이상 표출되어 높은 반복 노출 효과를 제공하며, KTX 이용객과 지역 주민을 동시에 타겟팅할 수 있습니다.","20초 1,200,000원 / 30초 1,800,000원 (VAT 별도) / 3개월↑ 10%, 6개월↑ 20% 할인",전북 전주시 덕진구 동부대로 680 전주역 맞이방,1200000,0.67,667,N,false,없음,0,clean,,N,true,ktx_terminal
2,36,cmokcli51000004l19rum9jwj,스타필드 하남점 LED 전광판 광고,6500000,70000,92.86,2100000,카피숫자없음,일치,카피숫자없음,"일평균 7만 명→70,000 | 일평균 7만 명→70,000",cpm≤10(placeholder),"스타필드 하남점 LED 전광판은 일평균 7만 명 주말 최대 10만 명이 방문하는 수도권 동부 대표 복합쇼핑몰의 핵심 공간에 설치된 초대형 디지털 광고 매체입니다. 쇼핑몰 중심부 고층 개방형 천장 아래 위치하여 방문객의 동선과 시선을 자연스럽게 사로잡는 구조로 설계되었습니다. 2030세대 젊은 층부터 가족 단위 방문객, 고소득 소비층까지 폭넓게 커버하며, 브랜드 메시지를 고급스럽고 임팩트 있게 전달할 수 있습니다. 서울 강동·송파 및 경기 하남·광주·성남권까지 아우르는 광역 커버리지와 파급력을 제공해 프리미엄 브랜드 마케팅에 최적화된 매체입니다.","스타필드 하남점 중심부 고층 개방형 천장 아래 위치한 초대형 가로형 LED 전광판(12.6m × 7.8m)입니다. 방문객의 동선과 시선을 자연스럽게 사로잡는 구조로 설계되어 일평균 7만 명(주말 최대 10만 명)이 방문하는 수도권 동부 대표 복합몰의 핵심 매체입니다. 2030세대 젊은 층부터 가족 단위, 고소득 소비층까지 폭넓게 커버하며, 브랜드 메시지를 고급스럽고 임팩트 있게 전달할 수 있습니다. 서울 강동·송파 및 경기 하남·광주·성남권까지 아우르는 광역 커버리지를 제공하는 프리미엄 실내 DOOH 매체입니다.","1개월 20초 영상 7,000,000원 (VAT 별도)",경기 하남시 신장동 616,7000000,1.1,1077,N,false,없음,0,clean,,N,false,billboard
2,62,cms4dt5b8000404l4ze7pd4em,디저트랩 이마트24 서울숲점 LED 사이니지 광고,2500000,38000,65.79,1140000,카피숫자없음,카피숫자없음,카피숫자없음,,price=impressions,디저트의 성지 아뜰리에길 초입에 위치한 대형 LED 전광판. 감각적 인테리어로 주목도가 최상인 위치에 설치되어 있습니다.,"디저트의 성지 아뜰리에길 초입에 위치한 대형 LED 전광판(1,280mm × 2,400mm, 688px × 1,290px). 세로형 9:16 영상 송출이 가능하며, 감각적 인테리어로 주목도가 최상인 위치에 설치되어 성수동 방문객에게 높은 노출을 제공합니다.","2,500,000원 / 월 (VAT 제외) · 일 100회 이상 (20초 소재 기준) · 총 30구좌 중 상업광고 24구좌",서울시 성동구 서울숲4길 27,2500000,1000,1000,Y,false,없음,0,clean,,N,true,convenience
2,89,cmp0gjlox000m04ib37h33kgd,인천지하철 1호선 원인재역 디지털사이니지 (디지털포스터) 광고,1200000,21000,57.14,630000,카피숫자없음,카피숫자없음,카피숫자없음,,cpm≤10(placeholder),"인천지하철 1호선 원인재역에 설치된 디지털사이니지 매체입니다. 55인치 Full HD 모니터 4기로 구성되어 있으며, 승강장 입구와 대합실에 위치해 계양 방향·국제업무지구 방향 이용객에게 노출됩니다.",원인재역 디지털사이니지는 승강장 입구에 위치한 55인치 4기 매체입니다. 연수구 일대 통행객에게 안정적인 노출이 가능하며 비용 효율이 좋은 매체입니다.,"20초 동영상 기준 월 1,100,000원 / 10초 스틸 월 900,000원 (VAT 별도)",인천광역시 연수구 원인재역,1100000,0.92,917,N,false,없음,0,clean,,N,true,subway_station
2,87,cmp0gg9e3000e04jicm5nl221,인천지하철 1호선 작전역 디지털사이니지 (디지털포스터) 광고,1600000,28000,57.14,840000,카피숫자없음,카피숫자없음,카피숫자없음,,cpm≤10(placeholder),"인천지하철 1호선 작전역에 설치된 디지털사이니지 매체입니다. 55인치 Full HD 모니터 8기로 구성되어 있으며, 대합실 주요 통로에 위치해 경인교대입구역·갈산역 방향 이용객에게 노출됩니다.",작전역 디지털사이니지는 55인치 8기 규모로 대합실 핵심 통로에 설치되어 높은 주목도를 제공합니다. 중규모 역사에 적합한 효율적인 매체입니다.,"20초 동영상 기준 월 1,900,000원 / 10초 스틸 월 1,700,000원 (VAT 별도)",인천광역시 계양구 작전역,1900000,1.19,1188,N,false,없음,0,clean,,N,true,subway_station
2,90,cmp0gi5je000g04jile8iqnr5,인천지하철 1호선 부평역 디지털사이니지 (디지털포스터) 광고,3700000,65000,56.92,1950000,카피숫자없음,카피숫자없음,카피숫자없음,,cpm≤10(placeholder),"인천지하철 1호선 부평역에 설치된 디지털사이니지 매체입니다. 55인치 Full HD 모니터 28기로 구성되어 있으며, 승강장 계단 벽면과 환승 대합실에 대규모로 설치되어 부평 상권·환승객에게 강력한 노출을 제공합니다.",부평역 디지털사이니지는 55인치 28기 규모의 최대 매체입니다. 승강장 계단과 환승 대합실에 집중 배치되어 부평 상권과 환승객에게 압도적인 노출 효과를 제공합니다.,"20초 동영상 기준 월 3,600,000원 / 10초 스틸 월 3,100,000원 (VAT 별도)",인천광역시 부평구 부평역,3600000,0.97,973,N,false,없음,0,clean,,N,true,subway_station
2,91,cmrwgei4j000b04lat8caj53b,인천지하철 1호선 인천시청역 I-SCREEN 영상광고,1000000,17569,56.92,527070,카피숫자없음,카피숫자없음,카피숫자없음,,cpm≤10(placeholder),"인천지하철 인천시청역에 설치된 I-SCREEN LED 영상광고 매체입니다. 인천1·2호선 환승역이자 행정·교육 중심지로, 인천시청·인천시교육청 등 중요 교통·행정 거점에 위치합니다.","인천시청역 I-SCREEN은 인천의 행정·교육 중심 환승역에 위치한 LED 영상매체입니다. 시청·교육청 관련 유동인구와 환승객에게 안정적인 노출이 가능하며, 비교적 합리적인 단가로 집행할 수 있습니다.","20초 기준 월 2,000,000원 / 30초 기준 월 3,000,000원 (VAT 별도)",인천광역시 남동구 인천시청역,2000000,2,2000,N,false,없음,0,clean,,N,true,subway_station
2,92,cmp0gd45o000c04ji4usu8p0e,인천지하철 1호선 예술회관역 디지털사이니지 (디지털포스터) 광고,1250000,22000,56.82,660000,카피숫자없음,카피숫자없음,카피숫자없음,,cpm≤10(placeholder),"인천지하철 1호선 예술회관역에 설치된 디지털사이니지 매체입니다. 55인치 Full HD 모니터 4기로 구성되어 있으며, 대합실 정면에 위치해 인천시청 방향 이용객과 예술회관 방문객에게 노출됩니다.",예술회관역 디지털사이니지는 대합실 정면에 위치한 55인치 4기 매체입니다. 문화·예술 타겟과 일반 통행객에게 안정적인 노출이 가능하며 합리적인 단가가 특징입니다.,"20초 동영상 기준 월 1,100,000원 / 10초 스틸 월 900,000원 (VAT 별도)",인천광역시 남동구 예술회관역,1100000,0.88,880,N,false,없음,0,clean,,N,true,subway_station
2,93,cmrwfuh1b000g04lghb3kaxkg,인천지하철 2호선 검암역 I-SCREEN 영상광고,1270000,22353,56.82,670590,카피숫자없음,카피숫자없음,카피숫자없음,,cpm≤10(placeholder),"인천지하철 검암역에 설치된 I-SCREEN LED 영상광고 매체입니다. 공항철도와 인천2호선 환승역으로, 인천국제공항·김포공항·영종신도시·청라국제신도시 이용객이 집중되는 핵심 환승 동선에 위치합니다.","검암역 I-SCREEN은 공항철도·인천2호선 환승 핵심 역사에 위치한 LED 영상매체입니다. 공항 이용객과 영종·청라 신도시 거주자에게 높은 노출 효과를 제공하며, 곡선형 대형 화면으로 강한 주목도를 확보합니다.","20초 기준 월 5,000,000원 / 30초 기준 월 7,000,000원 (VAT 별도)",인천광역시 서구 검암역,5000000,3.94,3937,N,false,없음,0,clean,,N,true,subway_station
2,94,cmrwfnosu000m04laknk1lk46,인천지하철 1호선 테크노파크역 I-SCREEN 영상광고,1470000,25879,56.8,776370,카피숫자없음,카피숫자없음,카피숫자없음,,cpm≤10(placeholder),"인천지하철 테크노파크역에 설치된 I-SCREEN LED 영상광고 매체입니다. 송도 국제도시 랜드마크 역사에 위치하며, COB Type LED를 적용한 고시인성 디지털 매체입니다. 대기업 본사·바이오산업·국제학교·현대프리미엄아울렛 이용객이 집중되는 핵심 동선에 설치되어 있습니다.","테크노파크역 I-SCREEN은 송도 국제도시의 핵심 역사에 위치한 대형 LED 영상매체입니다. 15m 길이의 압도적인 규모와 COB Type 고해상도 LED로 강한 시인성을 확보하며, 대기업·바이오·국제학교 타겟에게 효과적인 노출이 가능합니다.","20초 기준 월 7,000,000원 / 30초 기준 월 10,000,000원 (VAT 별도)",인천광역시 연수구 테크노파크역,7000000,4.76,4762,N,false,없음,0,clean,,N,true,subway_station
2,95,cmrwg26u0000104l20ofjcxkk,인천지하철 2호선 주안역 I-SCREEN 영상광고,3150000,55513,56.74,1665390,카피숫자없음,일치,카피숫자없음,"일평균 5.5만명→55,000",cpm≤10(placeholder),"인천지하철 주안역에 설치된 I-SCREEN LED 영상광고 매체입니다. 국철 1호선과 인천2호선 환승역으로, 인천시민과 수도권 전반의 접근이 용이한 핵심 환승 역사에 위치합니다. 일평균 이용객 5.5만명 이상으로 4개 역사 중 최고 유동인구를 기록합니다.",주안역 I-SCREEN은 인천 최대 환승 역사 중 하나에 위치한 LED 영상매체입니다. 일평균 5.5만명 이상의 높은 유동인구와 1호선·인천2호선 환승객에게 강력한 노출이 가능합니다.,"20초 기준 월 5,000,000원 / 30초 기준 월 7,000,000원 (VAT 별도)",인천광역시 미추홀구 주안역,5000000,1.59,1587,N,false,없음,0,clean,,N,true,subway_station
2,96,cmrwirjcs000504jlnlr684lo,인천지하철 1호선 디지털사이니지 전체 턴키 (7개 역사) 광고,13500000,238000,56.72,7140000,카피숫자없음,카피숫자없음,카피숫자없음,,cpm≤10(placeholder),"인천지하철 1호선 7개 역사(계양·작전·부평구청·부평·인천터미널·예술회관·원인재)에 설치된 디지털사이니지 전체 패키지입니다. 55인치 60기 + 32인치 12기 총 72패널로 구성되어 있으며, 1호선 주요 유동인구 역사에 동시 노출이 가능합니다.",인천지하철 1호선 디지털사이니지 전체 턴키는 7개 핵심 역사에 총 72패널을 동시 집행하는 패키지입니다. 부평·터미널 등 고유동 역사를 포함해 넓은 커버리지와 높은 반복 노출 효과를 제공합니다.,"20초 동영상 기준 월 13,000,000원 / 10초 스틸 월 11,100,000원 (VAT 별도) / 전체 턴키 별도 협의 가능",인천광역시 인천지하철 1호선 7개 역사,13000000,0.96,963,N,false,없음,0,clean,,N,true,subway_station
2,97,cmrwib77h000m04l28pi9b6ro,인천지하철 1호선 인천터미널역 디지털사이니지 (디지털포스터) 광고,2550000,45000,56.67,1350000,카피숫자없음,카피숫자없음,카피숫자없음,,cpm≤10(placeholder),"인천지하철 1호선 인천터미널역에 설치된 디지털사이니지 매체입니다. 55인치 4기 + 32인치 12기로 구성되어 있으며, 롯데백화점·터미널 이용객이 집중되는 핵심 역사에 위치합니다.",인천터미널역 디지털사이니지는 롯데백화점과 터미널이 인접한 핵심 역사에 위치합니다. 55인치+32인치 혼합 구성으로 계단·대합실 동선에 효과적으로 노출됩니다.,"20초 동영상 기준 월 2,600,000원 / 10초 스틸 월 2,100,000원 (VAT 별도)",인천광역시 미추홀구 인천터미널역,2600000,1.02,1020,N,false,없음,0,clean,,N,true,subway_station
2,99,cmp0geb4p000i04ibjncqsfya,인천지하철 1호선 부평구청역 디지털사이니지 (디지털포스터) 광고,1800000,32000,56.25,960000,카피숫자없음,카피숫자없음,카피숫자없음,,cpm≤10(placeholder),"인천지하철 1호선 부평구청역에 설치된 디지털사이니지 매체입니다. 55인치 Full HD 모니터 8기로 구성되어 있으며, 7호선 환승 통로에 위치해 부평시장·국제업무지구 방향 이용객에게 노출됩니다.",부평구청역 디지털사이니지는 7호선 환승 통로에 위치한 55인치 8기 매체입니다. 환승객 동선에 직접 노출되어 높은 도달 효과를 기대할 수 있습니다.,"20초 동영상 기준 월 1,900,000원 / 10초 스틸 월 1,700,000원 (VAT 별도)",인천광역시 부평구 부평구청역,1900000,1.06,1056,N,false,없음,0,clean,,N,true,subway_station
3,21,cmo61couh000404juod5bxqah,이태원 해밀턴호텔 파노라마 전광판 광고,2800000,23286,120.24,698580,카피숫자없음,카피숫자없음,카피숫자없음,,,"이태원의 중심 삼거리, 해밀턴 호텔 외벽에 설치된 파노라마 전광판은 초대형 디지털 매체입니다. 정면과 측면을 동시에 활용한 압도적인 스케일로 방문객의 시선을 완전히 사로잡으며, 관광객 밀집 지역에서 브랜드 인지도를 극대화할 수 있는 최적의 위치입니다.","서울 용산구 이태원로 179 해밀턴 호텔 외벽에 설치된 파노라마형 초대형 LED 전광판입니다. 전면 36.9m × 5.3m + 좌·우측면 각 5.2m × 5.3m 총 3면 구조로 이태원 중심 삼거리에서 압도적인 시각적 임팩트를 제공합니다. 관광객이 밀집된 이태원 상권의 특성을 살려 패션·뷰티·글로벌 브랜드, F&B 등 임팩트 있는 캠페인에 최적화된 프리미엄 DOOH 매체입니다.","개별 영상(30초) 62회 이상/일 35구좌 기준 15,000,000원 (VAT 별도). 15초 옵션 10,000,000원. SYNC 패키지 별도 존재.",서울 용산구 이태원로 179 해밀턴 호텔,15000000,5357,5357,N,false,없음,0,clean,,N,true,digital_signage
3,23,cmokchyi4000004js484675yf,스타필드 수원점 미디어타워 광고,8000000,70000,114.29,2100000,카피숫자없음,일치,카피숫자없음,"일평균 7만 명→70,000 | 일평균 7만 명→70,000",,"스타필드 수원점은 일평균 7만 명, 주말 최대 10만 명이 방문하는 경기 남부 대표 복합 쇼핑몰입니다. 중앙 아트리움에 위치한 초대형 미디어타워는 개방형 구조와 높이감 있는 공간 덕분에 멀리서도 시인성이 뛰어나 방문객의 주목도를 극대화합니다. 20~40대 핵심 소비층과 가족 단위 방문객을 동시에 타깃할 수 있으며 브랜드 임팩트를 극대화하는 랜드마크형 매체입니다. 특히 경기 남부 및 수도권 전역으로 파급력이 확장 가능해 브랜드 메시지의 대규모 확산에 최적화된 매체입니다.","스타필드 수원점 중앙 아트리움에 위치한 초대형 세로형 미디어타워(12.5m × 23.5m)입니다. 개방형 구조와 높이감으로 멀리서도 뛰어난 시인성을 자랑하며, 일평균 7만 명(주말 최대 10만 명)이 방문하는 경기 남부 대표 복합몰의 랜드마크형 매체입니다. 20~40대 핵심 소비층과 가족 단위 방문객을 동시에 타깃할 수 있으며, 브랜드 임팩트를 극대화하고 경기 남부 및 수도권 전역으로 파급력을 확장할 수 있는 프리미엄 실내 DOOH 매체입니다. 1개월 단위 집행이 가능한 수원 대표 쇼핑몰 매체입니다.","1개월 20초 영상 25,000,000원 (VAT 별도)",경기 수원시 장안구 수성로 175,25000000,3125,3125,N,false,없음,0,clean,,N,true,mall
3,24,cmptfu901000204leus08dpvg,신세계 여주 프리미엄 아울렛 전광판 광고,2800000,25000,112,750000,카피숫자없음,카피숫자없음,카피숫자없음,,,"경기도 여주시 신세계사이먼 여주 프리미엄 아울렛 메인 게이트 상단에 설치된 대형 디지털 전광판 매체입니다. 국내 최고급 브랜드가 밀집한 아울렛 핵심 입지로, 4대 5면(가로형+세로형)으로 구성되어 높은 시인성을 자랑합니다. 30~50대 가족 단위 고소득 소비층이 주 방문객이며, 체류 시간이 길어 브랜드 인지도 제고와 럭셔리 이미지 전달에 최적화된 프리미엄 DOOH 매체입니다.",여주 프리미엄 아울렛 메인 게이트 상단에 설치된 대형 디지털 전광판(4대 5면)입니다. 명품·프리미엄 브랜드 쇼핑객이 집중되는 핵심 동선에서 30초 영상(일 80회 이상 송출)을 통해 강력한 노출을 제공합니다. 고소득층 가족 단위 방문객을 대상으로 브랜드 인지도 상승과 프리미엄 이미지를 효과적으로 전달할 수 있는 최고의 아울렛 미디어입니다.,"4대 5면 기준 5,000,000원 / 30일 (VAT 별도)",경기도 여주시 명품로 360 신세계사이먼 여주 프리미엄 아울렛,5000000,1786,1786,N,true,있음,1,clean,,N,true,digital_signage
3,25,cmo61eta5000604jujfng9shu,이태원 스크린LED 전광판 광고,2600000,23286,111.66,698580,카피숫자없음,카피숫자없음,카피숫자없음,,,이태원 삼거리 중심에 위치한 스크린LED 전광판은 정면 코너 설치로 인해 보행자 및 차량 모두에게 높은 시인성을 확보한 매체입니다. 브랜드 메시지를 임팩트 있게 전달할 수 있는 이태원 대표 디지털 광고 매체입니다.,"서울 용산구 이태원로 180 이태원 삼거리에 설치된 24m × 6.8m 커브형 대형 LED 전광판입니다. 정면 코너 위치로 보행자와 차량 모두에게 높은 시인성을 제공하며, 이태원 대표 디지털 매체로 브랜드 메시지를 임팩트 있게 전달할 수 있습니다. 관광객이 밀집된 지역 특성을 활용한 프리미엄 DOOH 매체입니다.","개별 영상(30초) 62회 이상/일 35구좌 기준 15,000,000원 (VAT 별도). 15초 옵션 10,000,000원. SYNC 패키지 별도 존재.",서울 용산구 이태원로 180,15000000,5769,5769,N,false,없음,0,clean,,N,true,digital_signage
3,26,cmqa7wy4o000204iegd2fmtl5,제주공항 2층 면세구간 사각기둥 LED 광고,4200000,38000,110.53,1140000,카피숫자없음,카피숫자없음,카피숫자없음,,,"제주국제공항 2층 JDC 면세구간에 설치된 사각기둥형 LED 디지털 매체입니다. 중앙기둥, 확장형, 동측기둥으로 구성되어 총 9기 33면으로 운영되며, 면세점 이용객의 주요 동선에 위치해 높은 노출 효과를 제공합니다. 기둥별로 다른 소재 운영이 가능한 프리미엄 공항 DOOH 매체입니다.","제주국제공항 2층 JDC 면세구간에 설치된 사각기둥형 LED 매체(총 9기 33면)입니다. 면세점 이용객의 주요 동선에 위치해 높은 체류시간과 집중도를 활용할 수 있으며, 기둥별로 다른 소재 운영이 가능한 프리미엄 공항 DOOH 매체입니다.","1구좌 기준 월 3,000만원 (VAT 별도)",제주특별자치도 제주시 공항로 2 제주국제공항 2층 JDC 면세구간,30000000,7143,7143,N,false,없음,0,clean,,N,true,digital_signage
3,28,cmpti93x3000004iivq6hxh24,롯데월드 매직서클 & DID 패키지 광고,4500000,45000,100,1350000,카피숫자없음,카피숫자없음,카피숫자없음,,,"서울 롯데월드 어드벤처 내 매직서클(대형 원형 LED)과 어드벤처·매직아일랜드 핫스팟 DID(26곳)로 구성된 프리미엄 패키지 미디어광고입니다. 국내 대표 테마파크인 롯데월드의 핵심 동선과 놀이기구 주변에 위치하여 가족 단위 방문객, 연인, 외국인 관광객 등 높은 유동인구와 체류시간을 자랑합니다. 브랜드 이미지 제고와 대규모 노출에 최적화된 초대형 실내 DOOH 매체입니다.","롯데월드 매직서클(대형 원형 LED)과 어드벤처·매직아일랜드 26곳 DID로 구성된 패키지 매체입니다. 놀이기구 주변과 주요 동선에서 가족·관광객에게 압도적인 노출을 제공하며, 하루 매직서클 50회 이상, DID 110회 이상 송출됩니다. 테마파크 특성상 높은 몰입도와 브랜드 친밀도를 통해 프리미엄 이미지 전달에 최적화된 초고효율 실내 DOOH입니다.","매직서클 + DID 패키지 10,000,000원 / 월 (VAT 별도)",서울특별시 송파구 올림픽로 240 롯데월드 어드벤처,10000000,2222,2222,N,true,있음,1,clean,,N,true,park
3,29,cmqnw98wt000n04jryvia4on2,메가박스 시그니처 구의 이스트폴점 전광판 광고,2800000,28000,100,840000,카피숫자없음,카피숫자없음,카피숫자없음,,,"서울 광진구 아차산로 메가박스 구의 이스트폴점 로비 상단에 설치된 대형 파노라마형 DOOH 전광판입니다. 전면 14.1m × 3.8m + 좌측면 3.8m × 3.8m 총 2면으로 구성되어 있으며, 매표소와 팝콘 구매 구역이 집중된 로비 공간을 완전히 장악합니다. 영화 관람객의 목적 방문 동선(티켓 발권, 식음료 구매, 상영 대기)과 완벽하게 겹쳐 높은 체류시간과 반복 노출이 특징인 프리미엄 실내 엔터테인먼트 DOOH 매체입니다.","메가박스 구의 이스트폴점 로비 상단에 위치한 대형 파노라마 DOOH입니다. 영화 관람객이 티켓 발권, 팝콘 구매, 상영 대기 중 자연스럽게 체류하며 정면으로 시선이 집중되는 최적의 위치입니다. 전면과 측면이 연결된 구조로 로비 전체를 지배하며, 실내 환경에서 안정적인 고화질 노출이 가능해 영화·엔터테인먼트, 라이프스타일, 뷰티·패션 브랜드 캠페인에 특히 효과적입니다.","30초 기준 1개월 20,000,000원 (100회 이상/일, VAT 별도)",서울 광진구 아차산로 402 메가박스 구의 이스트폴점 로비 상단,20000000,7143,7143,N,false,없음,0,clean,,N,true,cinema
3,27,cmqnw55um000504l7mmuapmbt,메가박스 시그니처 삼성 코엑스점 전광판 광고,4500000,45000,100,1350000,카피숫자없음,카피숫자없음,카피숫자없음,,,"서울 강남구 삼성동 코엑스몰 내 메가박스 코엑스점 메인 홀 정면에 설치된 대형 파노라마형 DOOH 전광판입니다. 전면 15.5m × 5.5m + 좌측면 22m × 5.5m 총 2면으로 구성되어 있으며, 영화 관람객의 대기 및 이동 동선이 집중되는 메인 홀을 완전히 장악하는 압도적인 시각적 지배력을 가집니다. 코엑스몰의 높은 유동인구와 엔터테인먼트 공간 특성을 활용한 프리미엄 실내 DOOH 매체로, 브랜드 감성 전달과 대형 캠페인에 최적화되어 있습니다.","코엑스몰 메가박스 코엑스점 메인 홀 정면에 위치한 대형 파노라마 DOOH입니다. 영화 관람을 위해 방문하는 목적성 오디언스가 집중되는 공간으로, 진입 시 정면 노출과 대기 시간 동안의 반복 노출이 강점입니다. 전면과 측면이 연속된 구조로 공간 전체를 지배하며, 실내 환경에서 안정적인 고화질 노출이 가능해 럭셔리 브랜드, 영화·엔터테인먼트, 시즌 캠페인에 특히 효과적입니다.","30초 기준 1개월 30,000,000원 (100회 이상/일, VAT 별도)",서울 강남구 영동대로 513 코엑스몰 메가박스 코엑스점 메인 홀,30000000,6667,6667,N,false,없음,0,clean,,N,true,cinema
3,30,cmp27id76000004l4znxniiz7,인천국제공항 제1터미널 센터브릿지 광고,24000000,245000,97.96,7350000,카피숫자없음,카피숫자없음,카피숫자없음,,,출국 수속을 마친 후 비행기 탑승 전 이용하는 면세점과 쇼핑 및 각종 편의시설 구역에 위치한 매체입니다. 대부분의 여행객이 가장 오랜 시간을 머무는 공간으로 글로벌 패션 및 명품 브랜드 매장 인근에 자리해 높은 주목도와 광고 효과를 제공합니다.,"인천국제공항 T1 Antler Bridge에 위치한 가로형 정적 OOH 매체(9m × 2.5m, 6기 6면)입니다. 출국 수속 후 여행객들이 가장 오랜 시간을 머무는 면세점·쇼핑 핵심 구역에 설치되어 글로벌 패션·명품 브랜드 매장 인근에서 높은 주목도와 체류형 노출 효과를 제공합니다. 구역별(10~11·14~15 vs 12~13) 와이드칼라 출력물로 브랜드의 시각적 메시지를 강력하게 전달할 수 있는 프리미엄 공항 쇼핑 OOH 매체입니다.","구역에 따라 1개월 기준 60,000,000 ~ 70,000,000원 (VAT 별도)",인천광역시 중구 공항로 271 (면세점 쇼핑 구역) (Center Bridge),60000000,2600,2500,N,false,없음,0,clean,,N,false,airport
3,31,cmo5y9uma000204k1n0ly5ndh,명동 AVENUE 42 미디어폴 광고,3200000,33414,95.77,1002420,카피숫자없음,카피숫자없음,카피숫자없음,,,*2026년 상반기 런칭 예정* AVENUE42는 명동대로 중심 보행축을 따라 양측 인도에 설치된 대형 LED 미디어폴 매체입니다. 명동역과 을지로입구역을 잇는 약 200m 거리 양방향에 14기의 기둥형 디지털 스크린이 배치되어 차량과 보행자 시선 모두를 포괄합니다. 이 구간은 쇼핑 관광 문화시설이 밀집한 서울 대표 상권으로 월평균 유동인구가 높고 외국인 방문객의 체류 비중도 큽니다. 각 미디어는 3면 구조로 설계되어 어느 방향에서도 시야 확보가 가능하며 브랜드 캠페인의 반복 노출을 통해 거리 전체를 하나의 미디어존으로 형성합니다. 하이엔드 패션 글로벌 IT 브랜드 등 국제적 인지도를 가진 광고에 적합합니다.,"서울 중구 남대문로2가 140-1 일대 명동대로 중심 보행축에 2026년 상반기 런칭 예정인 AVENUE 42 미디어폴 네트워크입니다. 명동역~을지로입구역 약 200m 구간에 14기 42면(3면 구조)으로 설치되어 차량과 보행자 모두에게 높은 반복 노출을 제공합니다. 명동 대표 상권의 높은 유동인구와 외국인 방문객 비중을 활용한 네트워크형 DOOH 매체로, 하이엔드 패션·글로벌 IT 브랜드 등 국제적 캠페인에 최적화되어 있습니다.","영상(30초) 20구좌 기준 40,000,000원 (VAT 별도)",서울 중구 남대문로2가 140-1,40000000,12500,12500,N,false,없음,0,clean,,N,true,media_pole
3,32,cmo5xrw45000004k1o6opfqkz,명동 K파이낸스빌딩 외벽 아트월 광고,3200000,33414,95.77,1002420,카피숫자없음,카피숫자없음,카피숫자없음,,,"명동 K파이낸스 빌딩 랩핑 매체는 한국은행 앞, 명동 중심 축선의 관문에 위치해 도심의 랜드마크적 존재감을 발휘합니다. 건물 자체가 수직적 파사드와 곡선 유리면을 함께 지녀 대형 랩핑 광고가 고급스럽고 정제된 무드로 드러나며 브랜드 메시지를 도시 전체에 웅장하게 펼쳐냅니다. 인근에는 롯데백화점·신세계백화점·면세점과 글로벌 패션·뷰티 브랜드 플래그십 매장이 밀집해 있으며, 문화예술 공간과 호텔, 금융기관 본사가 교차하는 상징적 상업지구로서 신뢰와 트렌드를 동시에 담아낼 수 있습니다. 또한 남산 3호터널과 주요 도로망을 잇는 교통 요지에 자리해 차량과 보행자 모두가 정면으로 마주하는 시인성이 극대화된 매체입니다. 명동 특유의 국제적 쇼핑과 관광 프리미엄 소비 경험이 겹쳐지는 장소에서 브랜드를 도시의 풍경으로 확장시키는 대표적인 대형 랩핑 매체입니…","서울 중구 남대문로 55 K파이낸스빌딩에 적용된 초대형 17.65m × 39.95m 세로형 건물 랩핑 매체입니다. 한국은행 앞 명동 중심 관문 위치로 랜드마크급 존재감을 발휘하며, 차량과 보행자 모두에게 극대화된 시인성을 제공합니다. 롯데백화점, 신세계백화점, 면세점 등 프리미엄 상권과 연계되어 글로벌 브랜드, 패션·뷰티, 명품 캠페인에 최적화된 고가 대형 OOH 랩핑 매체입니다. 24시간 노출이 가능하며 도시 전체에 브랜드 이미지를 웅장하게 전달할 수 있습니다.","영상&랩핑 패키지 (연결된 매체 2개) 1개월 기준 150,000,000원 (VAT 별도)",서울 중구 남대문로 55 K파이낸스빌딩,150000000,46875,46875,N,false,없음,0,clean,,N,true,wall_mural
3,35,cmrm3e9hb000204jmhn2x9rnz,갤러리아 백화점 EAST B1 MEDIA WALL 광고,807500,8500,95,255000,카피숫자없음,카피숫자없음,카피숫자없음,,,"갤러리아 백화점 명품관 EAST관 지하 VIP 주차장 연결 통로에 설치된 초대형 미디어월입니다. 8.6m × 1.9m 규모의 대형 LED 스크린으로, 명품관을 찾는 VIP 고객층에게 강력한 브랜딩 효과를 전달합니다. 고가의 명품 브랜드 이미지에 최적화된 프리미엄 실내 DOOH 매체입니다.","갤러리아 백화점 EAST B1 MEDIA WALL은 명품관 VIP 고객이 주로 이용하는 지하 주차장 연결 통로에 위치한 초대형 미디어월입니다. 고가 명품 브랜드의 프리미엄 이미지를 효과적으로 전달할 수 있으며, 구매력 높은 타겟에게 집중 노출이 가능한 고품질 실내 DOOH 매체입니다.","월 12,000,000원 (VAT 별도) / 30초 1구좌 기준",서울 강남구 압구정로 407 갤러리아 명품관 EAST B1층,12000000,14861,14861,N,false,없음,0,clean,,N,true,mall
3,33,cmrm3fc6d000n04kydi14rh4s,갤러리아 백화점 EAST DUAL LCD 광고,807500,8500,95,255000,카피숫자없음,카피숫자없음,카피숫자없음,,,갤러리아 백화점 명품관 EAST관 B1~1층 중층 계단에 설치된 85인치 듀얼 LCD 디지털 사이니지입니다. 명품관 내부 동선의 핵심 지점에 위치하여 VIP 고객에게 자연스럽고 고급스러운 노출이 가능합니다. 명품 브랜드의 세련된 이미지 연출에 최적화된 실내 DOOH 매체입니다.,갤러리아 백화점 EAST 중층 DUAL LCD는 명품관 내부 주요 동선인 중층 계단에 설치된 고해상도 듀얼 LCD입니다. VIP 고객이 자연스럽게 지나가는 위치에 있어 고급스럽고 세련된 브랜드 이미지를 효과적으로 전달할 수 있는 프리미엄 실내 DOOH 매체입니다.,"월 10,000,000원 (VAT 별도) / 2기 기준",서울 강남구 압구정로 407 갤러리아 명품관 EAST B1~1층 중층,10000000,12384,12384,N,false,없음,0,clean,,N,true,mall
3,34,cmrm3li4a000104iemha295of,갤러리아 백화점 WEST 출입구 DS 광고,807500,8500,95,255000,카피숫자없음,카피숫자없음,카피숫자없음,,,갤러리아 백화점 명품관 WEST관 메인 출입구에 설치된 대형 디지털 사이니지입니다. 명품관을 방문하는 고객이 가장 먼저 접하는 위치에 있어 브랜드 인지도 제고와 강력한 첫인상 효과를 기대할 수 있습니다. 고급스러운 명품 이미지에 적합한 실내 DOOH 매체입니다.,"갤러리아 백화점 WEST 출입구 DIGITAL SIGNAGE는 명품관을 찾는 고객이 가장 먼저 접하는 메인 출입구에 위치한 대형 사이니지입니다. 브랜드의 첫인상과 인지도 제고에 효과적이며, 고급스러운 명품 이미지를 전달하기에 적합한 실내 DOOH 매체입니다.","월 4,000,000원 (VAT 별도)",서울 강남구 압구정로 343 갤러리아 명품관 WEST 출입구,4000000,4954,4954,N,false,없음,0,clean,,N,true,mall
3,37,cmqa8jogg000b04lapfs3omr9,제주공항 TV전시대 라이트박스 광고,3800000,45000,84.44,1350000,카피숫자없음,카피숫자없음,카피숫자없음,,,"제주국제공항 1~3층에 설치 가능한 TV전시대형 라이트박스 매체입니다. 상단 라이트박스(1.5×0.22m)와 하단 라이트박스(1.5×0.94m)로 구성되어 있으며, HALF SET(11기) 또는 FULL SET(22기)로 운영할 수 있습니다. 공항 이용객의 주요 동선에 배치되어 상시 노출이 가능한 이동형 프리미엄 OOH 매체입니다.","제주국제공항 1~3층에 배치 가능한 TV전시대형 라이트박스 매체입니다. HALF SET(11기) 또는 FULL SET(22기)로 운영할 수 있으며, 상단과 하단 라이트박스를 통해 상시 노출이 가능합니다. 공항 이용객의 동선에 유연하게 배치할 수 있는 이동형 프리미엄 OOH 매체입니다.","HALF SET(11기) 기준 월 4,000만원 (VAT 별도)",제주특별자치도 제주시 공항로 2 제주국제공항 1~3층,40000000,10526,10526,N,false,없음,0,clean,,N,true,airport
3,38,cmo5yramn000504jul2h2i3y6,시청 프레지던트호텔 아트월 광고,2800000,33414,83.8,1002420,카피숫자없음,카피숫자없음,카피숫자없음,,,"프레지던트 호텔 전면 옥외광고는 서울 중구 을지로 16 시청광장과 명동을 잇는 도심 핵심 입지에 위치한 대형 솔벤트현수막 매체입니다. 시청역과 을지로입구역 사이 교차로에 면해 있어 서울시청, 롯데백화점 본점, 프레스센터 등 주요 상권 및 관공서 이용객을 모두 아우를 수 있습니다. 유동 인구는 직장인·관광객·쇼핑 방문객이 고르게 분포하며 버스·승용차·보행자 동선 모두에서 장시간 노출이 가능합니다. 전면 건물형 대형 래핑 특성상 시야 방해가 없고 곡면 구조로 인해 원거리에서도 높은 시각 주목도를 확보할 수 있습니다. 브랜드 인지도 제고, 신제품 론칭, 공공 캠페인 등 대형 메시지 전달에 적합하며 명동과 시청권을 동시에 커버하는 서울 중심권 대표 프리미엄 옥외광고 매체입니다.","서울 중구 을지로 16 프레지던트호텔 전면에 설치된 초대형 53.14m × 15.69m 커브형 아트월(솔벤트 현수막) 매체입니다. 시청광장과 명동을 잇는 핵심 교차로에 위치하여 서울시청, 롯데백화점, 프레스센터 등 주요 시설 이용객을 광범위하게 커버합니다. 곡면 구조와 대형 스케일로 원거리 시인성이 뛰어나며, 브랜드 인지도 제고와 대형 메시지 전달에 최적화된 서울 중심권 대표 프리미엄 OOH 매체입니다. 24시간 노출이 가능합니다.","아트월 광고 2주 기준 120,000,000원 (VAT 별도). 1개월 환산 시 별도 문의.",서울 중구 을지로 16 프레지던트호텔,120000000,42857,42857,N,false,없음,0,clean,,N,true,wall_mural
3,40,cmqsve0ds00000ajffvsoi5xm,어린이대공원역 지하철 7호선 CM보드 영상 광고 (디지털),2700000,33000,81.82,990000,카피숫자없음,카피숫자없음,카피숫자없음,,,"지하철 7호선 어린이대공원역에 설치된 CM보드 매체입니다. 총 6기 규모로, 어린이대공원과 핵심 상권이 인접한 역사입니다. 주말과 휴일에 가족·어린이 유동이 많습니다.",어린이대공원역 CM보드는 어린이대공원과 상권이 인접한 역사에 위치한 매체입니다. 주말과 휴일에 가족·어린이 동반 이용객에게 효과적입니다.,어린이대공원역 전체 기준 (6기) / VAT 별도,서울 광진구 능동로 216 어린이대공원역 대합실,4200000,1556,1556,N,false,없음,0,clean,,N,true,subway_station
3,39,cmqsv94cy00030bjcnuxvei3k,어린이대공원역 지하철 7호선 CM보드 조명 광고 (인쇄),2700000,33000,81.82,990000,카피숫자없음,카피숫자없음,카피숫자없음,,,"지하철 7호선 어린이대공원역에 설치된 CM보드 매체입니다. 총 6기 규모로, 어린이대공원과 핵심 상권이 인접한 역사입니다. 주말과 휴일에 가족·어린이 유동이 많습니다.",어린이대공원역 CM보드는 어린이대공원과 상권이 인접한 역사에 위치한 매체입니다. 주말과 휴일에 가족·어린이 동반 이용객에게 효과적입니다.,어린이대공원역 전체 기준 (6기) / VAT 별도,서울 광진구 능동로 216 어린이대공원역 대합실,4200000,1556,1556,N,false,없음,0,clean,,N,true,subway_station
3,41,cmokcok1s000204l1rtbt1scz,스타필드 하남 주차장 파노라마 광고,5500000,70000,78.57,2100000,카피숫자없음,일치,카피숫자없음,"일평균 7만 명→70,000 | 일평균 7만 명→70,000",,"스타필드 하남 주차장 파노라마 와이드칼라 동측은 차량 진·출입 동선에 위치하여 방문객 모든 차량을 100% 커버할 수 있는 핵심 광고 매체입니다. 넓고 연속적인 파노라마 와이드 전광판 형태로 주행 중 시선 집중도를 극대화하며 고급스러운 연출로 브랜드 메시지를 강렬하게 각인시킵니다. 일평균 7만 명, 주말 최대 10만 명이 방문하는 스타필드의 특성상 광역권 소비자 타깃에 효과적인 노출이 가능합니다. 자동차·가전·IT·금융 등 프리미엄 업종 광고에 적합하며 브랜드 이미지 제고와 구매전환 유도에 최적화된 매체입니다.","스타필드 하남 주차장 차량 진·출입 동선에 위치한 파노라마 와이드칼라 전광판(상단 6.18m×4m + 벽면 23m×2.5m)입니다. 방문객 모든 차량을 100% 커버하는 핵심 매체로, 주행 중 시선 집중도를 극대화하는 넓고 연속적인 파노라마 형태가 특징입니다. 일평균 7만 명(주말 최대 10만 명)이 방문하는 스타필드의 특성상 광역권 소비자 타깃에 효과적이며, 자동차·가전·IT·금융 등 프리미엄 업종 광고에 최적화되어 브랜드 이미지 제고와 구매전환 유도에 강력한 효과를 발휘합니다. 1개월 단위 및 패키지(2개/6개 턴키) 옵션으로 유연한 집행이 가능합니다.","와이드칼라 15,000,000원 / 2개 패키지 25,000,000원 / 6개 턴키 패키지 60,000,000원 (VAT 별도)",경기 하남시 신장동 616,15000000,2727,2727,N,false,없음,0,clean,,N,true,mall
3,42,cmo61lsrg000204juraw6dpsw,이태원역 178 외벽 아트월 광고,1800000,23286,77.3,698580,카피숫자없음,카피숫자없음,카피숫자없음,,,"서울 용산구 이태원로 중심 상권에 위치한 이태원 178 건물 외벽 광고는 전면과 측면을 동시에 활용할 수 있는 대형 파나플렉스 매체입니다. 이태원은 2030 세대의 밀집 유동과 카드 소비액 기준 Top Tier 상권으로 트렌드 리딩 소비자들이 집중되는 지역입니다. 특히 이태원역 3번 출구 인근의 주요 동선에 위치하여 보행자와 차량 모두에게 높은 가시성을 제공합니다. 대형 사이즈의 매체는 브랜드 임팩트를 극대화하며 글로벌 브랜드 런칭, 뮤직·패션 캠페인, 라이프스타일 타깃 마케팅에 최적화된 매체입니다.","서울 용산구 이태원로 178에 위치한 대형 파나플렉스 매체입니다. 전면 13.2m × 5.8m + 좌측면 9m × 5.8m 총 2면 구조로 이태원역 3번 출구 인근에서 보행자와 차량 모두에게 높은 가시성을 제공합니다. 이태원 특유의 글로벌·트렌디 유동인구를 타겟으로 글로벌 브랜드 런칭, 뮤직·패션·라이프스타일 캠페인에 최적화된 프리미엄 OOH 매체입니다.","빌보드 광고 2주 기준 70,000,000원 (VAT 별도)",서울 용산구 이태원로 178,70000000,38889,38889,N,false,없음,0,clean,,N,true,wall_mural
3,43,cmqit76mb000004l4bwjq16q1,부산 스마트 쉼터형 버스쉘터 광고,6500000,85000,76.47,2550000,카피숫자없음,카피숫자없음,카피숫자없음,,,"부산 서면역·롯데호텔백화점과 센텀시티역·벡스코에 설치된 프리미엄 스마트 쉼터형 버스쉘터 광고입니다. 양면 디지털/정적 패널이 내장된 스마트 구조로 차량과 보행자 모두에게 높은 시인성을 제공합니다. 특히 서면역(05-319)은 센텀시티역(09-136)과 1:1 패키지 판매가 가능하며, 장기 계약 시 최대 20% 할인 혜택을 제공하는 부산 대표 생활밀착형 OOH 매체입니다.",부산 핵심 상권인 서면과 센텀시티에 위치한 스마트 쉼터형 버스쉘터는 차량 정차 시와 보행자 이동 시 모두 강력한 노출이 가능합니다. 서면역 매체는 센텀시티역과 패키지 판매로 부산 동서축 주요 동선을 동시에 커버할 수 있어 효율이 매우 높습니다.,"서면역·롯데호텔백화점: 3,000,000원 / 센텀시티역·벡스코: 2,000,000원 (1기=2면, VAT 별도)",부산광역시 부산진구 서면역·롯데호텔백화점 인근 / 해운대구 센텀시티역·벡스코 인근,3000000,462,462,N,false,없음,0,clean,,N,true,bus_shelter
3,44,cmqa7egri000204jukbc91zqd,제주공항 1층 도착장 LED 광고,3200000,42000,76.19,1260000,카피숫자없음,카피숫자없음,카피숫자없음,,,"제주국제공항 1층 도착장(캐로셀 및 기둥)에 설치된 LED 디지털 매체입니다. 캐로셀 5기 10면 + 기둥 4기 12면 + 확장형 1기 3면으로 총 10기 25면으로 구성되어 있으며, 공항 도착 승객과 픽업객에게 강력한 노출 효과를 제공합니다. 1개월 단위로 일 150회 송출이 가능한 프리미엄 공항 DOOH 매체입니다.","제주국제공항 1층 도착장 내 총 10기 25면 LED 디지털 매체입니다. 캐로셀과 기둥에 설치되어 도착 승객과 픽업객의 시선을 집중적으로 사로잡을 수 있으며, 1개월 단위로 일 150회 송출이 가능합니다. 개별 판매가 불가능한 패키지 상품으로, 제주 도착객 대상 브랜드 인지도 제고에 최적화된 프리미엄 공항 DOOH 매체입니다.","1구좌 기준 월 2,000만원 (VAT 별도)",제주 제주시 공항로 2 제주국제공항,20000000,6250,6250,N,false,없음,0,clean,,N,true,digital_signage
3,45,cmqa8ejxd000004lacybzvzho,"제주공항 3층 출발장 라이트박스 광고(LB-09, LB-10)",2400000,32000,75,960000,카피숫자없음,카피숫자없음,카피숫자없음,,,"제주국제공항 3층 출발장에 설치된 라이트박스 백라이트 매체입니다. LB-09와 LB-10 총 2기로 구성되어 있으며, 출발 승객이 E/C 게이트로 이동하는 주요 동선에 위치해 강력한 노출 효과를 제공합니다. 상시 노출이 가능한 프리미엄 공항 정적 OOH 매체입니다.","제주국제공항 3층 출발장에 설치된 라이트박스 매체(LB-09, LB-10)입니다. 출발 승객이 E/C 게이트로 이동하는 주요 동선에 위치해 상시 노출이 가능하며, 제주 여행객 대상 브랜드 인지도 제고에 효과적인 공항 정적 OOH 매체입니다.","1기 기준 월 2,000만원 (VAT 별도)",제주특별자치도 제주시 공항로 2 제주국제공항 3층 출발장,20000000,8333,8333,N,false,없음,0,clean,,N,true,airport
3,46,cmqa89ys3000g04laexgq6r7t,제주공항 2층 면세점 라이트박스 광고,2600000,35000,74.29,1050000,카피숫자없음,카피숫자없음,카피숫자없음,,,"제주국제공항 2층 JDC 면세점 구간에 설치된 라이트박스 백라이트 매체입니다. LB-02~05, LB-06, LB-07, LB-08 등 총 7기로 구성되어 있으며, 면세점 이용객의 주요 동선과 대기 공간에 위치해 상시 노출이 가능합니다. 고품질 그래픽으로 브랜드 이미지를 효과적으로 전달할 수 있는 프리미엄 공항 정적 OOH 매체입니다.","제주국제공항 2층 JDC 면세점 구간에 설치된 라이트박스 매체입니다. LB-02~05 (3.2×1.8m), LB-06 (2.75×2m), LB-07 (3.2×1.3m), LB-08 (3.9×1.8m) 등으로 구성되어 있으며, 면세점 이용객의 동선과 대기 공간에 위치해 상시 노출이 가능합니다. 고품질 그래픽으로 브랜드 이미지를 효과적으로 전달할 수 있는 공항 정적 OOH 매체입니다.","LB-02~05 / LB-06 기준 월 1,500만원 (VAT 별도)",제주특별자치도 제주시 공항로 2 제주국제공항 2층 JDC 면세점 구간,15000000,5769,5769,N,false,없음,0,clean,,N,true,airport
3,47,cmqa7t29m000404l4hc1dw5zl,제주공항 1층 국내/국제 경계선 LED 광고,3500000,48000,72.92,1440000,카피숫자없음,카피숫자없음,카피숫자없음,,,제주국제공항 1층 국내선과 국제선 경계 지점에 설치된 대형 LED 디지털 매체입니다. 12m × 4m 크기로 공항 이용객의 주요 이동 동선상에 위치해 강력한 시인성을 확보하고 있습니다. 국내·국제선 이용객 모두에게 노출이 가능한 프리미엄 공항 DOOH 매체입니다.,제주국제공항 1층 국내선과 국제선 경계 지점에 설치된 대형 LED 매체(12m × 4m)입니다. 공항 이용객의 주요 이동 동선에 위치해 국내·국제선 승객 모두에게 높은 노출 효과를 제공합니다. 1일 150회 송출이 가능한 프리미엄 공항 DOOH 매체입니다.,"1구좌 기준 월 1,000만원 (VAT 별도)",제주특별자치도 제주시 공항로 2 제주국제공항 1층 국내/국제선 경계 지점,10000000,2857,2857,N,false,없음,0,clean,,N,true,digital_signage
3,48,cmqaeqzrx000104i5124jpxif,AK플라자 수원점 LED 광고,5200000,72000,72.22,2160000,카피숫자없음,카피숫자없음,카피숫자없음,,,"경기도 수원 AK플라자에 설치된 커브드 LED와 신규 LED 디지털 매체 패키지입니다. LED-A(8m × 3.4m 커브드)와 LED-B(5.2m × 2.3m)로 구성되어 있으며, 산업시설과 백화점 구역을 동시에 커버할 수 있는 실내 DOOH 매체입니다. 동시 집행이 가능한 패키지 상품입니다.","경기도 수원 AK플라자에 설치된 커브드 LED(8m × 3.4m)와 신규 LED(5.2m × 2.3m) 패키지 매체입니다. 산업시설과 백화점 구역을 동시에 커버할 수 있으며, 일 100회 이상 송출이 보장됩니다. 동시 집행이 가능한 실내 DOOH 패키지 상품으로, 수원 상권에서 효율적인 노출이 가능합니다.","LED-A + LED-B 패키지 월 4,000,000원 (VAT 별도)",경기도 수원시 팔달구 덕영대로 924 AK플라자 수원,4000000,769,769,N,false,없음,0,clean,,N,true,mall
3,49,cmpwwytko000004jpqecqr1ro,서울 남부버스터미널 LED 전광판 광고,1800000,25000,72,750000,카피숫자없음,카피숫자없음,카피숫자없음,,,"서울 서초구 남부버스터미널 중앙 벽면 눈높이에 설치된 대형 LED 전광판 매체입니다. 시외버스 이용객이 대합실에서 대기하며 직접 눈에 띄는 위치로, 승객들의 체류 시간이 길어 높은 주목도와 광고 효과를 기대할 수 있습니다. 2.5mm 초고화질 LED로 선명한 영상과 이미지를 송출하며, 지역 브랜드, 여행사, 공공기관 홍보에 최적화된 프리미엄 OOH 매체입니다.","서울 남부버스터미널 중앙 벽면 눈높이에 위치한 3.6m x 1.2m LED 전광판입니다. 대합실 이용객들이 자연스럽게 시선을 두는 위치로, 2.5mm 초고화질 LED로 선명한 영상을 송출합니다. 하루 130회 이상(20초 기준) 송출되며, 장거리 여행객과 지역 주민에게 효과적인 광고 노출이 가능합니다. 여행사, 지역 브랜드, 공공기관 캠페인에 추천합니다.","3,000,000원 (VAT 별도 / 1구좌)",서울특별시 서초구 효령로 292 서울남부버스터미널,3000000,1667,1667,N,true,있음,1,clean,,N,false,digital_signage
3,50,cmpwxsqf5000004jst7x1huq3,KTX 경주역 출입구 상단 조명 광고 (1번/2번),2500000,35000,71.43,1050000,카피숫자없음,카피숫자없음,카피숫자없음,,,"경상북도 경주시 KTX 경주역 1번 주 출입구 상단에 설치된 대형 조명광고 매체입니다. 1번과 2번 두 개의 조명사인이 나란히 배치되어 있으며, 경주역은 유네스코 세계문화유산 도시 경주의 관문으로 외국인 관광객, 비즈니스 출장객, 가족 여행객, 지역 주민 등 다양한 이용객이 집중되는 주요 교통 허브입니다. 출입구 상단 눈높이 위치에 대형 조명으로 설치되어 야간에도 강력한 시인성과 브랜드 인지도를 제공하는 프리미엄 조명광고 매체입니다.","KTX 경주역 1번 주 출입구 상단에 위치한 5m x 2.5m 대형 조명광고 (1번/2번)입니다. 경주역은 경주 관광의 관문으로 외국인·내국인 관광객, 비즈니스 출장객, 가족 단위 이용객이 많아 야간에도 강력한 조명으로 시인성이 뛰어납니다. 1번과 2번 두 개의 조명사인이 나란히 배치되어 브랜드 이미지 제고와 경주 관광 홍보에 효과적입니다. 지역 브랜드, 공공기관, 기업 PR 캠페인에 추천합니다.","1번/2번 조명광고, 12,000,000원 (VAT 별도)",경상북도 경주시 건천읍 경주역로 80,12000000,4800,4800,N,true,있음,1,clean,,N,false,ktx_terminal
3,51,cmpwy0iwv000204jsg5oa2bu2,KTX 경주역 LED전광판 광고,2500000,35000,71.43,1050000,카피숫자없음,카피숫자없음,카피숫자없음,,,"경상북도 경주시 KTX 경주역 내 3번 위치에 설치된 LED전광판 매체입니다. 경주역은 유네스코 세계문화유산 도시 경주의 관문으로, 외국인 관광객, 비즈니스 출장객, 가족 여행객, 지역 주민 등 다양한 이용객이 집중되는 주요 교통 허브입니다. LED전광판으로 영상과 이미지를 생생하게 송출할 수 있어 브랜드 홍보와 경주 관광 마케팅에 효과적인 프리미엄 DOOH 매체입니다.","KTX 경주역 내 3번 위치에 설치된 LED전광판입니다. 경주역은 경주 관광의 관문으로 외국인·내국인 관광객, 비즈니스 출장객, 가족 단위 이용객이 많아 영상 송출을 통한 생생한 브랜드 홍보가 가능합니다. 하루 100회 이상(20초 기준) 송출되며, 경주 관광 홍보, 지역 브랜드, 공공기관, 기업 PR 캠페인에 최적화된 프리미엄 DOOH 매체입니다.","10,000,000원 (VAT 별도)",경상북도 경주시 건천읍 경주역로 80,10000000,4000,4000,N,false,없음,0,clean,,N,true,ktx_terminal
3,52,cmptklfa7000104jxmftxlrt7,45인승 리무진 버스 래핑 광고,3200000,45000,71.11,1350000,카피숫자없음,카피숫자없음,카피숫자없음,,,"45인승 대형 버스 전체 풀랩핑 광고 매체입니다. 서울·경기·지방 노선을 운행하며, 버스 외부를 완전 랩핑하여 강력한 시각적 임팩트와 이동형 지속 노출이 가능합니다. 차량 임대료, 유류비, 인건비가 포함된 올인클루시브 상품으로, 브랜드 이미지 강화와 대대적인 홍보에 최적화된 프리미엄 모빌리티 OOH 매체입니다.","45인승 대형 버스를 전체 풀랩핑하여 서울·경기·지방 노선을 운행합니다. 하루 약 50km 운행하며 강력한 이동형 노출을 제공합니다. 브랜드 전체를 버스에 입혀 시각적 임팩트가 매우 크며, 장기 캠페인과 지역 타겟 홍보에 특히 효과적인 프리미엄 버스랩핑 매체입니다.","서울 기준 5,500,000원/월 (차량임대료, 유류비, 인건비 포함, VAT 별도)",서울·경기·지방 주요 노선 (광고주 선택),5500000,1719,1719,N,true,있음,1,clean,,N,true,vehicle_wrap
3,53,cmqpabzxo000204l8xmqx12z8,구리 돌다리 사거리 전광판 광고,3200000,45000,71.11,1350000,카피숫자없음,카피숫자없음,카피숫자없음,,,"경기도 구리시 경춘로 228 돌다리 사거리에 위치한 대형 디지털 전광판입니다. 구리역 6번 출구 사거리와 구리전통시장, 중심 상권이 교차하는 구리시 최대 유동인구 지역에 설치되어 차량과 보행자 모두에게 높은 주목도를 제공합니다. 7m × 4m 크기의 20초 동영상 전광판으로, 구리역 이용객과 전통시장 방문객, 지역 주민을 동시에 타겟팅할 수 있는 생활밀착형 프리미엄 옥외광고 매체입니다.","구리시 최대 유동인구가 집중되는 돌다리 사거리에 위치한 대형 디지털 전광판으로, 구리역 6번 출구와 전통시장, 중심 상권을 연결하는 핵심 교차로에 설치되어 차량과 보행자 모두에게 강력한 노출이 가능합니다. 지역 타겟 광고와 생활밀착형 브랜드에 특히 효과적이며, 총 21구좌로 대량 집행도 가능한 실용적인 매체입니다.","3,000,000원 / 월 (1구좌, VAT 별도) / 총 21구좌 운영",경기도 구리시 경춘로 228 돌다리 사거리,3000000,938,938,N,false,없음,0,clean,,N,true,digital_signage
3,54,cmqitkt21000104l7f31igpr8,부산 BRT 버스쉘터 광고,8500000,120000,70.83,3600000,카피숫자없음,카피숫자없음,카피숫자없음,,,"부산광역시 중심도로(중앙대로, 가야대로)에 설치된 BRT 전용 버스쉘터 광고입니다. 총 59개 정류장에 SA등급 36기(72면)와 A등급 246기(492면)로 구성되어 있으며, 고사양 백라이트 구조로 주야간 모두 높은 시인성을 확보합니다. SA등급은 A등급과 1:1 패키지 판매가 가능하며, 장기 계약 시 최대 20% 할인 혜택을 제공하는 부산 대표 대중교통 OOH 매체입니다.","부산 BRT 버스쉘터는 중심도로에 위치해 차량과 보행자 모두에게 강력한 노출이 가능합니다. SA등급은 프리미엄 입지로 높은 인지도 효과를, A등급은 비용 효율이 뛰어나며, 두 등급을 1:1로 패키지 구성하면 부산 주요 동선을 효과적으로 커버할 수 있습니다.","SA등급: 3,000,000원 / A등급: 1,500,000원 (1기=2면, VAT 별도)","부산광역시 중앙대로, 가야대로 BRT 정류장 일대",3000000,353,353,N,false,없음,0,clean,,N,true,bus_shelter
3,55,cmqafbhc3000204jpkne5ybz6,AK플라자 분당점 스퀘어 LED 광고,5800000,85000,68.24,2550000,카피숫자없음,카피숫자없음,카피숫자없음,,,"경기도 성남시 분당구 AK플라자 분당 스퀘어 중앙에 설치된 대형 정사각형 LED 매체입니다. 9.2m × 9.2m 크기로 아트리움 중앙에 위치해 쇼핑몰 이용객의 시선을 강력하게 사로잡을 수 있는 프리미엄 실내 DOOH 매체입니다. 동영상과 이미지 소재 모두 송출 가능하며, 높은 인지도 제고 효과를 기대할 수 있습니다.","경기도 성남 AK플라자 분당 스퀘어 중앙 아트리움에 설치된 대형 정사각형 LED 매체(9.2m × 9.2m)입니다. 쇼핑몰 이용객의 주요 동선과 휴식 공간에서 압도적인 시인성을 확보할 수 있으며, 동영상과 이미지 소재 모두 송출 가능합니다. 높은 브랜드 인지도 제고 효과를 기대할 수 있는 프리미엄 실내 DOOH 매체입니다.","20초 1구좌 기준 월 4,000,000원 (VAT 별도)","경기 성남시 분당구 황새울로360번길 42 , 1층",4000000,690,690,N,false,없음,0,clean,,N,true,mall
3,56,cmox0ppcz000004l4r6sp277c,KTX 서울역 파노라마 전광판 광고,18500000,274000,67.52,8220000,카피숫자없음,카피숫자없음,카피숫자없음,,,"KTX 서울역 대합실에 설치된 초대형 파노라마 LED 미디어월입니다. 총 길이 112m, 높이 5.5m 규모의 압도적인 크기로, 서울역을 이용하는 연간 1억 명 이상의 유동인구에게 강력한 시각적 임팩트를 전달합니다. 기존 라이트박스에서 디지털로 전환되어 몰입형 콘텐츠와 듀얼형 콘텐츠 등 다양한 크리에이티브를 구현할 수 있는 프리미엄 역사 미디어입니다.","KTX 서울역 파노라마는 서울역 대합실에 위치한 초대형 파노라마 LED 미디어월입니다. 연간 1억 명 이상의 유동인구가 이용하는 서울의 관문에서 압도적인 크기와 몰입감으로 브랜드 메시지를 전달할 수 있습니다. 기존 정적 라이트박스에서 디지털로 전환되어 몰입형·듀얼형 등 다양한 콘텐츠 형식을 지원하며, KTX 이용객뿐만 아니라 지하철·자차·택시 이용객까지 폭넓게 타겟팅할 수 있는 최고 사양의 역사 미디어입니다.","1구좌 기준 월 80,000,000원 (VAT 별도)",서울 용산구 한강대로 405 KTX 서울역 대합실 파노라마 미디어월,80000000,4324,4324,N,false,있음,9,clean,,N,true,digital_signage
3,57,cmocx36r4000004k1yvrv6y13,더현대서울 사운즈 포레스트 미디어월 광고,1850000,27643,66.92,829290,카피숫자없음,카피숫자없음,카피숫자없음,,,더현대서울 사운즈 포레스트 미디어월은 백화점 중심부의 대형 실내 정원 공간 상단에 설치된 디지털 미디어입니다. 가로 44m 세로 7m 규모의 초대형 LED 스크린으로 구성되어 있으며 몰입감 높은 영상 노출이 가능합니다. 방문객 체류시간이 긴 공간 특성상 브랜드 콘텐츠 전달력과 감성적 연출 효과가 높습니다. 더현대서울은 국내외 관광객과 MZ세대가 집중 방문하는 대표적 복합문화 쇼핑공간으로 연간 방문객이 1억 명에 달합니다.,"더현대서울 사운즈 포레스트 상단에 설치된 초대형 가로 44m × 세로 7m 미디어월(GMW)입니다. 실내 정원 중심부에서 모든 층 방문객에게 몰입감 높은 노출이 가능하며, 긴 체류시간을 활용한 브랜드 스토리텔링과 감성 캠페인에 최적화된 프리미엄 실내 DOOH 매체입니다. 더현대서울의 고급 쇼핑·문화 공간 특성을 극대화합니다.","30초 기준 45,000,000원/월, 15초 28,000,000원/월 (VAT 별도), 한시적 운영(25.12~26.5)",서울 영등포구 여의대로 108 더현대서울,45000000,24324,24324,N,false,없음,0,clean,,N,true,mall
3,58,cmqa7mm2x000104lbnnn4rn6m,제주공항 1층 도착장 라이트박스 광고 (LB-01),2800000,42000,66.67,1260000,카피숫자없음,카피숫자없음,카피숫자없음,,,"제주국제공항 1층 도착장에 설치된 대형 라이트박스 백라이트 매체입니다. 3.8m × 1.5m 크기로 도착 승객과 픽업객의 시선을 집중적으로 사로잡을 수 있으며, 상시 노출이 가능한 프리미엄 공항 정적 OOH 매체입니다.","제주국제공항 1층 도착장에 설치된 대형 라이트박스(3.8m × 1.5m) 매체입니다. 도착 승객과 픽업객의 동선상 주요 위치에 설치되어 상시 노출이 가능하며, 제주 여행객 대상 브랜드 인지도 제고에 효과적인 공항 정적 OOH 매체입니다.","1기 기준 월 2,000만원 (VAT 별도)",제주특별자치도 제주시 공항로 2 제주국제공항 1층 도착장,20000000,7143,7143,N,false,없음,0,clean,,N,true,airport
3,59,cmqa924nc000204ky1c141kst,제주공항 국내선 출발/도착 DS 광고 (패키지),3200000,48000,66.67,1440000,카피숫자없음,카피숫자없음,카피숫자없음,,,"제주국제공항 내 국내선 3층 출발 A, 국내선 1층 도착, 국제선 3층 출발에 설치된 디지털 사이니지 패키지 매체입니다. 총 3개소에 대형·중형 사이니지가 배치되어 있으며, 공항 이용객의 주요 동선에서 높은 노출 효과를 기대할 수 있습니다. 20초 소재 기준 일 100회 이상 송출이 보장되는 공항 디지털 OOH 패키지입니다.","제주국제공항 내 디지털 사이니지 패키지 매체입니다. 국내선 3층 출발 A(300×200cm), 국내선 1층 도착(96×192cm), 국제선 3층 출발(240×236cm) 총 3개소에 설치되어 있으며, 공항 이용객의 주요 동선에서 일 100회 이상 송출이 보장됩니다. 소재는 광고주가 자체 제작하여 전달하는 방식입니다.","전체 패키지 월 7,500,000원 (VAT 별도)","제주특별자치도 제주시 공항로 2 제주국제공항 (국내선 3층 출발 A, 국내선 1층 도착, 국제선 3층 출발)",7500000,2344,2344,N,false,없음,0,clean,,N,true,digital_signage
3,60,cmqst9336000209kp6u0huka5,여의도역 지하철 5호선 CM보드 영상 광고 (디지털),3300000,50000,66,1500000,카피숫자없음,카피숫자없음,카피숫자없음,,,"지하철 5호선 여의도역에 설치된 CM보드 매체입니다. 총 8기 규모로, 금융·업무지구 중심에 위치한 역사입니다. 직장인 유동이 매우 높으며, SA 등급 기기가 다수 포함되어 프리미엄 브랜딩에 적합합니다.","여의도역 CM보드는 서울 최대 금융·업무지구에 위치한 매체입니다. 주중 낮 시간대 직장인·비즈니스 타겟에게 높은 노출 효율을 제공하며, SA 등급 기기가 많아 프리미엄 브랜딩에 적합합니다.",여의도역 전체 기준 (8기) / VAT 별도,서울 영등포구 여의대로 24 여의도역 대합실,5600000,1697,1697,N,false,없음,0,clean,,N,true,subway_station
3,61,cmqstczzv00030ajnxs3isw5w,여의도역 지하철 5호선 CM보드 조명 광고 (인쇄),3300000,50000,66,1500000,카피숫자없음,카피숫자없음,카피숫자없음,,,"지하철 5호선 여의도역에 설치된 CM보드 매체입니다. 총 8기 규모로, 금융·업무지구 중심에 위치한 역사입니다. 직장인 유동이 매우 높으며, SA 등급 기기가 다수 포함되어 프리미엄 브랜딩에 적합합니다.","여의도역 CM보드는 서울 최대 금융·업무지구에 위치한 매체입니다. 주중 낮 시간대 직장인·비즈니스 타겟에게 높은 노출 효율을 제공하며, SA 등급 기기가 많아 프리미엄 브랜딩에 적합합니다.",여의도역 전체 기준 (8기) / VAT 별도,서울 영등포구 여의대로 24 여의도역 대합실,5600000,1697,1697,N,false,없음,0,clean,,N,true,subway_station
3,63,cms4vx7fe000904jo2kzchcof,김해국제공항 진입로 광고,6200000,95000,65.26,2850000,카피숫자없음,카피숫자없음,카피숫자없음,,,"공항 진출입로에 설치되어 차량으로 김해국제공항 국내선·국제선을 이용하는 모든 인원에 강제 노출되는 매체입니다. 공항의 프리미엄 이미지를 광고에 연결시켜 긍정적 시너지를 창출하며, 동남권 항공교통의 요지로서 부산·김해·마산·경주·울산·진해 등 광역 커버리지를 보유합니다.",김해국제공항 진출입로에 설치된 전광판(중앙 9×5m ×2면) + 라이트박스(좌·우 7.4×4.5m ×4면) 패키지. 차량으로 공항을 이용하는 모든 국내선·국제선 인원에 강제 노출. 상업광고 70% / 공익 30% 운영. 동남권 항공교통 요지로서 높은 프리미엄 효과를 제공합니다.,전광판 2면 턴키 구좌 + 라이트박스 4면 포함 (VAT 별도). 1년 이상 계약 시 최초 화면제작 및 설치비용 지원,부산광역시 강서구 공항진입로 (김해국제공항 진출입로),32000000,5161,5161,N,false,없음,0,clean,,N,true,airport
3,64,cmqaedojj000p04laqr25pbdl,AK플라자 평택점 LED 광고,4200000,65000,64.62,1950000,카피숫자없음,카피숫자없음,카피숫자없음,,,경기도 평택시 AK플라자 평택점 3층에 설치된 대형 LED 디지털 매체입니다. 8.3m × 4.4m 크기로 평택역 인근 상업시설과 백화점 이용객에게 강력한 노출 효과를 제공합니다. 상업시설과 백화점 구역을 동시에 커버할 수 있는 프리미엄 실내 DOOH 매체입니다.,"경기도 평택 AK플라자 평택점 3층에 설치된 대형 LED 매체(8.3m × 4.4m)입니다. 평택역 인근 상업시설과 백화점 이용객을 동시에 커버할 수 있으며, 일일 120회 이상 송출이 보장됩니다. 실내 환경에서 안정적인 노출이 가능한 프리미엄 DOOH 매체입니다.","20초 1구좌 기준 월 2,000,000원 (VAT 별도)",경기도 평택시 평택로 35 AK플라자 평택점 3층,2000000,476,476,N,false,없음,0,clean,,N,true,mall
3,65,cmo60u0gm000204jspdl8gfc7,동대문 맥스타일 전광판 광고,1600000,24771,64.59,743130,카피숫자없음,카피숫자없음,카피숫자없음,,,"서울 중구 마장로 3에 위치한 맥스타일 3D LED 전광판은 동대문역사문화공원 인근 대형 쇼핑몰 외벽에 설치된 디지털 옥외광고 매체입니다. 동대문 패션타운의 중심에 위치해 국내외 관광객과 도·소매 종사자, 20~40대 소비층 등 폭넓은 타깃 노출이 가능하며 3D 콘텐츠 구현이 가능한 고해상 LED 기술로 시각적 몰입도가 높습니다. 차량과 보행자 유동이 집중되는 을지로·청계천 교차부에 위치해 패션·뷰티·글로벌 브랜드의 임팩트 캠페인에 적합한 프리미엄 매체입니다.","서울 중구 마장로 3 맥스타일에 설치된 12.75m × 17.63m 세로형 대형 3D LED 전광판입니다. 동대문역사문화공원 인근 동대문 패션타운 중심부에 위치하여 국내외 관광객과 20~40대 소비층에게 높은 노출 효과를 제공합니다. 3D 콘텐츠 구현이 가능한 고해상도 기술로 시각적 몰입도가 뛰어나며, 패션·뷰티·글로벌 브랜드의 임팩트 있는 캠페인에 최적화된 프리미엄 DOOH 매체입니다.","개별 영상(30초) 103회 이상/일 21구좌 기준 15,000,000원 (VAT 별도)",서울 중구 마장로 3 맥스타일,15000000,9375,9375,N,false,없음,0,clean,,N,true,digital_signage
3,66,cms4e45j8000004jo3l2o58a7,이마트24 본점 쇼윈도 LED 사이니지 광고,1800000,28000,64.29,840000,카피숫자없음,카피숫자없음,카피숫자없음,,,성수 오피스 상권과 대로변 유동객을 동시에 커버 가능한 대형 미디어입니다.,"성수 오피스 상권과 대로변 유동객을 동시에 커버 가능한 대형 미디어(1,280mm × 2,400mm, 688px × 1,290px). 세로형 9:16 영상 송출이 가능하며, 성수동 오피스 유동인구에게 안정적인 노출을 제공합니다.","1,000,000원 / 월 (VAT 제외) · 일 100회 이상 (20초 소재 기준) · 총 30구좌 중 상업광고 24구좌",서울시 성동구 광나루로 310,1000000,556,556,N,false,없음,0,clean,,N,true,convenience
3,67,cmp3csmb2000004l43sen816g,지하철 신분당선 메트로 라이브 광고,28500000,450000,63.33,13500000,카피숫자없음,카피숫자없음,카피숫자없음,,,"신분당선은 강남, 양재, 판교를 잇는 주요 비즈니스 벨트로 국내 대표 IT기업과 대기업 밀집 지역을 통과하는 핵심 노선입니다. 평균적으로 학력과 소득 수준이 높은 승객이 주 이용층으로 구매력이 강하고 브랜드 수용도가 뛰어난 타깃에게 광고 메시지를 효과적으로 전달할 수 있습니다. 또한 신분당선 특유의 혁신적이고 세련된 이미지가 광고주 브랜드와 자연스럽게 연결되며 도시적이고 스마트한 브랜드 이미지를 강화하는 데 최적화된 교통 광고 매체입니다.",신분당선 열차 내부 출입문 상단에 설치된 METRO LIVE MEDIA입니다. 1편성당 다수 면 동시 송출로 강남·판교 IT 비즈니스 벨트를 순환하며 고소득·고학력 승객에게 강제적·반복적 노출을 제공합니다. 세련된 노선 이미지와 어우러져 럭셔리·IT·금융·프리미엄 브랜드의 스마트하고 고급스러운 이미지를 강화하는 데 최적화된 이동형 지하철 DOOH 매체입니다.,패키지별 차등 (VAT 별도),"신분당선 전 열차 (강남, 양재, 판교, 영통 등)",15000000,526,526,N,false,있음,7,flagged,subway_monthly_cap,Y,true,subway_station
3,68,cmq3vyc6o000004jm5h9a4yki,성수동 대림창고 외벽광고,2800000,45000,62.22,1350000,카피숫자없음,카피숫자없음,카피숫자없음,,,"서울 성동구 성수동 대림창고 외벽에 설치된 대형 외벽광고 매체입니다. 성수 카페거리와 트렌디한 상권 중심에 위치한 랜드마크 건물로, 젊은 층과 트렌드세터, IT·패션·뷰티 브랜드 타겟에게 높은 노출 효과를 제공합니다. 대형 외벽 면적으로 강력한 시각적 임팩트와 브랜드 인지도 상승에 최적화된 프리미엄 OOH 매체입니다.","성수동 대표 랜드마크 대림창고 외벽에 설치된 대형 외벽광고(약 8m × 4m)입니다. 성수 카페거리와 트렌디 상권 중심부에 위치하여 젊은 층과 브랜드 타겟에게 강력한 시각적 임팩트를 제공합니다. 풀랩핑 또는 대형 그래픽 설치가 가능하며, 패션·뷰티·라이프스타일·IT 브랜드 캠페인에 최적화된 프리미엄 성수 OOH 매체입니다.",문의 후 견적 (VAT 별도),서울특별시 성동구 성수이로 78 대림창고,0,,0,N,false,없음,0,clean,,N,true,wall_mural
3,69,cmq3w55p4000304lg3tqbvgtw,성수동 렉트 외벽광고,2800000,45000,62.22,1350000,카피숫자없음,카피숫자없음,카피숫자없음,,,"서울 성동구 성수동 연무장길에 위치한 동남외산카 건물 외벽에 설치된 대형 외벽광고 매체입니다. 성수 카페거리와 트렌디 상권 중심에 자리 잡은 랜드마크급 입지로, 대림창고·아더에러 라인과 인접해 젊은 층과 트렌드세터, IT·패션·뷰티 브랜드에게 높은 노출 효과를 제공합니다. 대형 외벽 면적으로 강력한 시각적 임팩트와 브랜드 인지도 상승에 최적화된 프리미엄 성수 OOH 매체입니다.","성수동 연무장길 동남외산카 건물 외벽에 설치된 대형 외벽광고 매체입니다. 성수 카페거리와 트렌디 상권 중심부에 위치하여 젊은 층과 브랜드 타겟에게 강력한 시각적 임팩트를 제공합니다. 풀랩핑 또는 대형 그래픽 설치가 가능하며, 패션·뷰티·라이프스타일·IT 브랜드 캠페인에 최적화된 프리미엄 성수 OOH 매체입니다.",문의 후 견적 (VAT 별도),서울특별시 성동구 성수동2가 연무장길 65,0,,0,N,false,없음,0,clean,,N,true,wall_mural
3,70,cmq3wpngl000804l55es4eret,성수동 성화빌딩 외벽광고,2800000,45000,62.22,1350000,카피숫자없음,카피숫자없음,카피숫자없음,,,"서울 성동구 성수동 뚝섬로3길 성화빌딩 외벽에 설치된 대형 외벽광고 매체입니다. 성수 카페거리와 트렌디 상권 중심부에 위치한 랜드마크 빌딩으로, 성수역 인근에서 연무장길로 이동하는 주요 동선에 자리 잡아 높은 유동인구 노출이 가능합니다. 대형 외벽 면적으로 강력한 브랜드 임팩트를 주는 프리미엄 성수 OOH 매체입니다.","성수 뚝섬로3길 성화빌딩 외벽에 설치된 대형 외벽광고 매체입니다. 성수역 인근에서 연무장길 메인 상권으로 이동하는 핵심 동선에 위치해 높은 유동인구와 트렌디 브랜드 타겟에게 효과적인 노출을 제공합니다. 풀랩핑 또는 대형 그래픽 설치가 가능하며, 성수 트렌디 상권의 대표 프리미엄 OOH 매체입니다.",문의 후 견적 (VAT 별도),서울특별시 성동구 성수동1가 뚝섬로3길 13 성화빌딩,0,,0,N,false,없음,0,clean,,N,true,wall_mural
3,71,cms4e1jrq000004kywtej4ieu,이마트24 STAY 성동성수점 쇼윈도 LED 사이니지,2600000,42000,61.9,1260000,카피숫자없음,카피숫자없음,카피숫자없음,,,성수동 카페거리에 위치한 대형 LED 스크린으로 최상의 주목도와 노출도를 보유한 디지털 광고 매체입니다.,"성수동 카페거리에 위치한 대형 LED 스크린(1,380mm × 2,160mm, 688px × 1,032px). 최상의 주목도와 노출도를 보유하며, 성수동 메인 스트릿에서 도보·차량 모두에게 높은 가시성을 제공합니다.","2,500,000원 / 월 (VAT 제외) · 일 100회 이상 (20초 소재 기준) · 총 30구좌 중 상업광고 24구좌",서울시 성동구 성수이로7길 1,2500000,962,962,N,false,없음,0,clean,,N,true,convenience
3,72,cmoegluf8000204ldbj44j2uq,여의도 여의12 올림픽대로 디지털 광고,8500000,137357,61.88,4120710,카피숫자없음,카피숫자없음,카피숫자없음,,,"여의 12는 서울 올림픽대로 여의도 구간에 설치된 초대형 전광판 네트워크로 서울 내 대로 통행량 1위(하루 약 73만 대 차량 통행)를 기록하는 핵심 도로에서 압도적인 노출 효과를 제공합니다. 국회의사당, 금융권 밀집 지역(IFC, KB 등), 방송사(KBS 등)가 인접해 정치·경제·방송의 중심지로 꼽히는 여의도에 위치하여 2030 직장인 및 고소득 금융권 종사자 타겟팅에 최적화되어 있습니다. 또한 Sync, 골든타임, 시보 등 다양한 패키지를 통해 광고 목적에 맞는 집행이 가능하며 다회 노출과 임팩트 있는 메시지 전달로 브랜드 인지도를 극대화할 수 있습니다.","서울 올림픽대로 여의도 구간에 설치된 초대형 전광판 네트워크(6기12면)입니다. 서울 내 대로 통행량 1위(하루 73만 대 차량)로 압도적인 노출 효과를 자랑하며, 국회의사당·IFC·KB·KBS 등 정치·경제·방송 허브에 위치해 2030 직장인과 고소득 금융권 종사자를 정밀 타겟팅할 수 있습니다. Sync, 골든타임, 시보 등 다양한 패키지로 목적에 맞는 집행이 가능하며, 다회 노출과 강력한 임팩트로 브랜드 인지도를 극대화하는 프리미엄 OOH 매체입니다.","15초 SYNC 영상 1개월, 60,000,000원 (VAT 별도) — Sync, 골든타임, 시보 등 패키지 상이",서울 동작구 노량진동 13-14,60000000,7059,7059,N,false,없음,0,clean,,N,true,billboard
3,74,cmq3whqri000h04lgafc3x5zu,성수동 길동우동 외벽 광고,2900000,48000,60.42,1440000,카피숫자없음,카피숫자없음,카피숫자없음,,,"서울 성동구 성수동 연무장길에 위치한 길동우동 매장 외벽 및 매장 주변에 설치 가능한 광고 매체입니다. 성수 카페거리와 트렌디 상권 메인 거리에 자리 잡아 젊은 층과 트렌드세터, IT·패션·뷰티 브랜드 타겟에게 높은 노출을 제공합니다. 성수 감자탕, 한정선 등 인기 맛집 인근으로 유동인구가 많은 핵심 입지의 프리미엄 성수 OOH 매체입니다.",성수 연무장길 길동우동 매장 외벽 및 주변에 설치 가능한 광고 매체입니다. 성수 카페거리 메인 거리에 위치해 유동인구와 팝업·맛집 방문객에게 지속적인 노출을 제공합니다. 성수 트렌디 상권의 대표 입지로 패션·뷰티·F&B·라이프스타일 브랜드 캠페인에 최적화된 프리미엄 성수 OOH 매체입니다.,문의 후 견적 (VAT 별도),서울특별시 성동구 성수동2가 연무장길 44 길동우동,0,,0,N,false,없음,0,clean,,N,true,wall_mural
3,73,cmq3x2965000m04l5hq30xrp5,성수동 연무장 H4 외벽광고,2900000,48000,60.42,1440000,카피숫자없음,카피숫자없음,카피숫자없음,,,"서울 성동구 성수동 연무장길 H4 빌딩 외벽에 설치된 대형 외벽광고 매체입니다. 성수 카페거리와 트렌디 상권 중심부에 위치한 핵심 랜드마크로, 젊은 층과 트렌드세터, IT·패션·뷰티 브랜드 타겟에게 높은 노출 효과를 제공합니다. 대형 외벽 면적으로 강력한 시각적 임팩트와 브랜드 인지도 상승에 최적화된 프리미엄 성수 OOH 매체입니다.","성수 연무장길 H4 빌딩 외벽에 설치된 대형 외벽광고 매체입니다. 성수 카페거리 메인 거리에 위치해 유동인구와 방문객에게 지속적인 노출을 제공합니다. 풀랩핑 또는 대형 그래픽 설치가 가능하며, 성수 트렌디 상권의 대표 입지로 패션·뷰티·라이프스타일·IT 브랜드 캠페인에 최적화된 프리미엄 OOH 매체입니다.",문의 후 견적 (VAT 별도),서울특별시 성동구 성수동2가 연무장길 H4 빌딩,0,,0,N,false,없음,0,clean,,N,true,wall_mural
3,75,cmq3wd9aw000504l5lfq1lha8,성수동 한서빌딩 외벽광고,2900000,48000,60.42,1440000,카피숫자없음,카피숫자없음,카피숫자없음,,,"서울 성동구 성수동 연무장7길 한서빌딩 외벽에 설치된 대형 외벽광고 매체입니다. 성수역 4번 출구에서 메인 연무장길로 가는 주요 길목에 위치해 성수 카페거리와 트렌디 상권을 오가는 유동인구에게 높은 노출을 제공합니다. 올리브영 성수 플래그십스토어 인근 랜드마크 빌딩으로, 패션·뷰티·라이프스타일 브랜드에게 특히 효과적인 프리미엄 성수 OOH 매체입니다.",성수 연무장7길 한서빌딩 외벽에 설치된 대형 외벽광고 매체입니다. 성수역 4번 출구에서 메인 연무장길로 가는 핵심 길목에 위치해 유동인구와 팝업스토어 방문객에게 강력한 노출을 제공합니다. 성수 트렌디 상권의 랜드마크 빌딩으로 패션·뷰티·라이프스타일·F&B 브랜드 캠페인에 최적화된 프리미엄 성수 OOH 매체입니다.,문의 후 견적 (VAT 별도),서울특별시 성동구 성수동2가 연무장7길 16 한서빌딩,0,,0,N,false,없음,0,clean,,N,true,wall_mural
3,77,cmrn711g8000404ib3hct4qpy,성신여대입구역 강북미디어빌딩 전광판 광고,2400000,40000,60,1200000,카피숫자없음,일치,카피숫자없음,"일일 약 4만 명→40,000 | 일일 4만 명→40,000",,"성신여대입구역 4호선·우이신설선 환승역 인근 강북미디어빌딩에 설치된 대형 디지털 전광판입니다. 성신여대·한성대 대학가 상권과 동소문로 주요 진입로에 위치해 대학생, 20~30대 젊은 층, 지역 주민에게 높은 노출이 가능한 실외 DOOH 매체입니다. 일일 약 4만 명의 역 이용객과 차량 통행량을 동시에 커버합니다.","성신여대입구역 강북미디어빌딩 전광판은 성신여대·한성대가 인접한 대학가 핵심 상권과 4호선·우이신설선 환승역 앞에 위치한 대형(10.6m × 5m) 디지털 전광판입니다. 일일 4만 명 이상의 유동인구와 동소문로 차량 통행을 동시에 타겟팅할 수 있어 교육, 뷰티, 패션, F&B, 생활 서비스 브랜드에게 특히 효과적인 매체입니다. 20초 영상 기준 일 100회 이상 송출로 강력한 브랜딩이 가능합니다.",20초(일 100회) 기준 / VAT 별도,서울 성북구 동소문로 83-1 강북미디어빌딩,7000000,2917,2917,N,false,없음,0,clean,,N,true,
3,79,cmq979xt9000304l1xdjsaylw,스타필드 하남점 LED 전광판 광고,4200000,70000,60,2100000,카피숫자없음,일치,카피숫자없음,"일 평균 7만 명→70,000 | 일 평균 7만 명→70,000",,"경기도 하남시 스타필드 하남점에 설치된 초대형 LED 전광판 매체입니다. 일 평균 7만 명, 주말 최대 10만 명이 방문하는 수도권 동부 최대 복합쇼핑몰 중심부 고층 개방형 공간에 위치해 방문객의 동선과 시선을 자연스럽게 사로잡습니다. 2030 젊은 층부터 가족 단위, 고소득 소비층까지 폭넓게 커버하는 프리미엄 실내 DOOH 매체입니다.","스타필드 하남점 중심부에 설치된 초대형 LED 전광판(12.6m × 7.8m)입니다. 일 평균 7만 명, 주말 최대 10만 명의 대규모 방문객이 집중되는 쇼핑몰 핵심 동선에 위치해 높은 주목도와 체류 시간을 자랑합니다. 2030 젊은 층부터 가족 단위까지 폭넓은 타겟에게 브랜드 메시지를 효과적으로 전달할 수 있는 수도권 동부 대표 프리미엄 실내 DOOH 매체입니다.","20초 1개월 기준 7,000,000원 (VAT 별도)",경기도 하남시 신장동 616 스타필드 하남점,7000000,1667,1667,N,false,없음,0,clean,,N,true,digital_signage
3,81,cmqnxndxp000004kzq0pe5bke,시그니처 도산 전광판 광고,4800000,80000,60,2400000,카피숫자없음,카피숫자없음,카피숫자없음,,,"서울 강남구 언주로 729에 위치한 대형 세로형 프리미엄 DOOH 전광판입니다. 도산대로와 연결되는 강남 핵심 상권(압구정·신사·강남) 대로변에 설치되어 차량과 보행자 모두에게 높은 노출을 제공합니다. 12.8m × 17.1m의 압도적인 세로형 화면으로 브랜드 이미지를 강력하게 전달할 수 있는 고화질 LED 매체로, 패션·뷰티·럭셔리·자동차 등 프리미엄 브랜드 캠페인에 최적화되어 있습니다.","강남 언주로 대로변에 위치한 대형 세로형 DOOH 전광판으로, 차량 통행량이 많은 핵심 상권에 설치되어 높은 반복 노출이 가능합니다. 12.8m × 17.1m의 압도적인 규모와 세로형 구조가 브랜드 이미지를 강렬하게 각인시키며, 주변 압구정·신사·강남 프리미엄 상권과의 시너지로 럭셔리·패션·뷰티·라이프스타일 브랜드 캠페인에 특히 효과적입니다.","30초 1개월 기준 15,000,000원 (VAT 별도)",서울 강남구 언주로 729,15000000,3125,3125,N,false,없음,0,clean,,N,true,digital_signage
3,80,cmrn6o2ez000904l75lkwwgol,신도림역 디큐브시티 LED 영상 광고,1800000,30000,60,900000,카피숫자없음,카피숫자없음,카피숫자없음,,,"신도림역 직결 복합프라임 오피스 디큐브시티 지하광장에 설치된 대형 LED 영상 매체입니다. 삼성화재, 미래에셋증권, 토스 등 대기업 임직원과 롯데시네마, 링크아트센터 이용객이 집중되는 핵심 동선에 위치하여 고소득 직장인 및 문화 소비자 타겟에게 강력한 노출이 가능한 프리미엄 실내 DOOH입니다. 1.9mm 초고해상도 LED로 우수한 화질과 음향 지원이 가능합니다.",신도림역 디큐브시티 LED 영상광고는 하루 약 1천만 명이 이용하는 신도림역과 직결된 디큐브시티 지하광장에 위치한 초고해상도(1.9mm) 대형 LED 매체입니다. 대기업 사옥 임직원과 롯데시네마·문화공간 이용객이 매일 지나가는 핵심 동선에서 20초 기준 일 160회 이상 송출되어 높은 반복 노출과 주목도를 확보합니다. 음향 지원까지 가능해 브랜드 메시지 전달 효과가 뛰어난 실내 프리미엄 DOOH 매체입니다.,1구좌 기준 / VAT 별도,서울 구로구 새말로 93 디큐브시티 지하광장,2000000,1111,1111,N,false,없음,0,clean,,N,true,mall
3,82,cmra67eet000104l76ok7mf72,양양서피비치 선셋바 포토월 광고,1680000,28000,60,840000,카피숫자없음,카피숫자없음,카피숫자없음,,,"강원도 양양 서피비치 선셋바 건물 외벽에 설치된 대형 포토월 광고 매체입니다. 여름 성수기(7~8월) 동안 운영되는 서피비치의 상징적인 포토존으로, 서핑보드와 파도, 레인보우 디자인 등 비치 감성의 대형 그래픽이 적용되어 인스타그래머블한 포토 스팟으로 유명합니다. 서피비치 방문객과 서핑족, 여름 휴양객에게 강력한 시인성을 제공하며, 특히 저녁 선셋 타임에 조명이 들어오면 더욱 돋보이는 프리미엄 비치 OOH 매체입니다.","양양서피비치 선셋바 포토월은 여름 성수기 양양 서피비치를 대표하는 포토존에 위치한 대형 그래픽 월 광고입니다. 서핑보드와 파도, 레인보우 등 비치 라이프스타일 그래픽이 적용되어 방문객들이 자연스럽게 사진을 찍고 SNS에 공유하는 인스타그래머블 매체로, 특히 20~35대 젊은 층에게 높은 주목도와 공유 효과를 기대할 수 있습니다. 선셋 타임 조명과 함께 저녁에도 강력한 시인성을 확보하며, 음료·패션·라이프스타일·관광 브랜드에게 최적의 여름 시즌 캠페인 매체입니다.","월 9,000,000원 (VAT 별도) / 제작비 5,000,000원 별도 / 여름 시즌(7~8월) 한정 운영",강원도 양양군 현북면 서피비치 선셋바,9000000,5357,5357,N,false,없음,0,clean,,N,true,leisure
3,78,cmrl2hpgw000m04jp7f010nlv,여의도 파크원 미디어월 전광판 광고,5100000,85000,60,2550000,카피숫자없음,카피숫자없음,카피숫자없음,,,"서울 영등포구 여의대로 108 파크원 타워에 설치된 초대형 커브드 미디어월 전광판입니다. NH투자증권, NH농협은행, 케이프투자증권, 카카오뱅크 등 주요 금융기관이 입점한 여의도 금융 중심지에 위치하여 구매력 높은 고소득층 이용객이 많습니다. 11.4m × 19.2m 규모의 고해상도 커브드 LED 미디어월로, 파크원 방문객의 광장 대기 시간이 길어 가독률과 노출 효과가 매우 높습니다. 섬세한 화질과 곡면 디자인으로 몰입감 있는 브랜딩 경험을 제공하며, 금융·명품·프리미엄 브랜드 캠페인에 최적화된 프리미엄 미디어월 매체입니다.","파크원 미디어월은 여의도 금융 중심지에 위치한 초대형 커브드 LED 미디어월로, NH투자증권·카카오뱅크 등 주요 금융기관 입주사 방문객의 긴 대기 시간을 활용한 고노출·고가독률 매체입니다. 고해상도와 곡면 디자인으로 몰입감 있는 브랜딩이 가능하며, 구매력 높은 고소득층 타겟에게 효과적입니다. 금융·명품·프리미엄 소비재·기업 브랜딩 캠페인에 최적화된 여의도 대표 프리미엄 미디어월입니다.","15초·20초 5,000,000원 / 30초 7,000,000원 (VAT 별도) / 1구좌 기준 일 120회 이상 송출",서울 영등포구 여의대로 108,5000000,980,980,N,false,없음,0,clean,,N,true,mall
3,76,cms4dirsw000204jr67k9mlqi,트렌드랩 성수 이마트24 쇼윈도 파사드 LED 사이니지 광고,2700000,45000,60,1350000,카피숫자없음,카피숫자없음,카피숫자없음,,,성수역 4번 출구방향 정면 최상의 주목도를 가진 디지털 광고 매체. 이마트24 트렌드랩 성수점 출입구 좌측에 위치해 연무장길 이동 동선에 바로 노출됩니다.,"성수역 4번 출구방향 정면 최상의 주목도를 가진 디지털 광고 매체(1,750mm × 1,920mm, 1,040px × 1,248px). 이마트24 트렌드랩 성수점 출입구 좌측에 위치해 연무장길 이동 동선에 바로 노출되며, 성수동 MZ·외국인 유동인구에게 높은 가시성을 제공합니다.","2,500,000원 / 월 (VAT 제외) · 일 100회 이상 (20초 소재 기준) · 총 30구좌 중 상업광고 20구좌","서울시 성동구 아차산로 104, 스탈릿 성수 1층",2500000,926,926,N,false,없음,0,clean,,N,true,convenience
3,83,cmpcascft000204kwtjycd0zc,목포 코아빌딩 전광판 광고,1900000,32000,59.38,960000,카피숫자없음,카피숫자없음,카피숫자없음,,,전라남도 목포시 옥암로에 위치한 코아빌딩에 설치된 가로형 LED 전광판 매체입니다. 목포 신시가지·옥암동 상권 중심에 자리 잡아 차량 통행량과 지역 유동인구를 효과적으로 커버합니다. 목포 서부권 생활·상업 지역 타겟에게 적합한 안정적인 프리미엄 DOOH 매체입니다.,"목포 옥암로 코아빌딩에 설치된 가로형 LED 전광판(8.5m × 5.5m)입니다. 신시가지 상권 중심에서 차량과 보행자 노출이 안정적이며, 목포 지역 주민과 상권 유동인구를 효과적으로 타겟팅합니다. 지역 브랜드, 식음료, 서비스, 의료·상업 프로모션에 최적화된 생활 밀착형 DOOH 매체입니다.","20초(1일 100회) 기준 4,000,000원 (VAT 별도)",전라남도 목포시 옥암로 129 코아빌딩,4000000,2105,2105,N,false,없음,0,clean,,N,true,digital_signage
3,84,cmqzz9xdu00030aho3swdnc8x,구의역 이스트폴 스퀘어 파노라마 + LED 보드 광고,3200000,54570,58.64,1637100,카피숫자없음,카피숫자없음,카피숫자없음,,,"구의역과 직결된 NC 이스트폴 중앙광장에 설치된 초대형 몰입형 DOOH 매체입니다. 88.3m 길이의 스퀘어 파노라마 스크린 1기와 주출입구 동선에 배치된 98인치 LED 보드 5기로 구성되어 있으며, 모든 층·모든 출입구·모든 방문객 동선에서 자연스럽고 반복적인 노출이 가능한 프리미엄 실내 미디어입니다. 고소득 직장인·주거인구·쇼핑객이 집중되는 복합생활쇼핑몰의 핵심 동선에 위치해 있습니다.","구의역 이스트폴 스퀘어 파노라마 + LED 보드는 구의역 직결 복합쇼핑몰의 중앙광장에 위치한 초대형 몰입형 DOOH입니다. 88.3m 길이의 파노라마 스크린이 모든 층과 동선에서 시야에 들어오며, 주출입구에 배치된 98인치 LED 보드 5기와 함께 방문객에게 반복적이고 강력한 노출을 제공합니다. 고소득 직장인·주거인구·쇼핑객이 일상적으로 방문하는 체류형 공간으로, 프리미엄 브랜드와 라이프스타일 캠페인에 최적화된 매체입니다.",파노라마 + LED 보드 5기 통합 패키지 / VAT 별도,서울 광진구 아차산로 272 NC 이스트폴 중앙광장,3000000,938,938,N,false,없음,0,clean,,N,true,digital_signage
3,85,cmq97fjbd000704l10023hg6a,더현대 서울 디지털갤러리 광고,3200000,54857,58.33,1645710,카피숫자없음,카피숫자없음,카피숫자없음,,,"서울 영등포구 여의도 더현대 서울 지하 2층, 지하철 5·9호선 여의도역 연결 통로에 설치된 디지털 사이니지 매체입니다. 28기 32면으로 구성되어 긴 통로 전체를 커버하며, 백화점 방문객과 파크원·여의도 직장인에게 반복 노출이 가능한 핵심 동선 매체입니다. 특히 팝업스토어 대기 구간으로 체류 시간이 길어 광고 주목도가 매우 높은 프리미엄 실내 DOOH입니다.","더현대 서울 지하 2층 여의도역 연결 통로에 설치된 디지털갤러리(28기 32면)입니다. 백화점 방문객과 여의도 직장인이 반드시 통과하는 핵심 동선으로, 특히 팝업스토어 대기 구간에서 높은 체류 시간과 반복 노출을 제공합니다. 패션·뷰티·럭셔리·라이프스타일 브랜드의 프리미엄 이미지 전달과 인지도 제고에 최적화된 여의도 대표 실내 DOOH 매체입니다.","15초 기준 10,000,000원 (VAT 별도)",서울특별시 영등포구 여의도동 22 더현대 서울 지하 2층,10000000,3125,3125,N,false,없음,0,clean,,N,true,mall
3,86,cmqqu75fp000704js9nhywx9p,공항철도 홍대입구역 중앙통로 벽면 패키지 광고,3200000,55000,58.18,1650000,카피숫자없음,카피숫자없음,카피숫자없음,,,"서울 마포구 홍대입구역 중앙통로에 위치한 초대형 풀 패키지 래핑 매체입니다. 홍대입구역 지하철 래핑 중 가장 긴 구간으로 압도적인 사이즈를 자랑하며, 높은 주목도와 브랜드 인지도 제고에 최적화된 매체입니다. 중앙통로 벽면(4면) + 에스컬레이터 벽면(2면) + 캐노피(1면) 총 5면으로 구성된 대형 패키지로, 이동하는 승객에게 반복 노출이 가능한 몰입형 OOH 매체입니다.","홍대입구역 중앙통로 벽면 패키지는 홍대입구역 지하철 래핑 중 가장 긴 구간에 위치한 초대형 풀 패키지입니다. 중앙통로 벽면(4면) + 에스컬레이터 벽면(2면) + 캐노피(1면) 총 5면으로 구성되어 이동하는 승객에게 압도적인 사이즈와 반복 노출 효과를 제공합니다. 브랜드 인지도 제고와 강력한 임팩트가 필요한 대형 캠페인에 최적화된 프리미엄 OOH 매체입니다. 개별 집행도 가능하며, 프로모션 집행 시 에스컬레이터 벽면은 필수 포함입니다.","Full Package 월 40,500,000원 (VAT 별도) + 제작비 19,200,000원",서울 마포구 양화로 지하 188 홍대입구역 중앙통로 벽면 구간,46000000,14375,14375,N,false,없음,0,clean,,N,true,subway_station
3,88,cmpca463d000404l8on57twws,순천 조례삼거리 서울우리병원 전광판 광고,1600000,28000,57.14,840000,카피숫자없음,카피숫자없음,카피숫자없음,,,"전라남도 순천시 조례동 조례삼거리에 위치한 서울우리병원 빌딩에 설치된 대형 가로형 LED 전광판 매체입니다. 순천 신도심 주거·상업 밀집 지역 중심에 자리 잡아 높은 차량 통행량과 보행자 유동인구를 커버합니다. 병원 방문객, 쇼핑객, 지역 주민을 타겟으로 한 생활 밀착형 프리미엄 DOOH 매체로 지역 브랜드·의료·상권 홍보에 특히 효과적입니다.","순천 조례삼거리 서울우리병원 빌딩에 설치된 대형 가로형 LED 전광판(12m × 8m)입니다. 순천 신도심 생활 중심지에서 병원 방문객과 쇼핑·주거 유동인구를 효과적으로 포착하며, 높은 반복 노출을 제공합니다. 지역 브랜드, 의료·헬스케어, 식음료, 서비스 업종 캠페인에 최적화된 안정적 DOOH 매체입니다.","20초(1일 100회) 기준 3,000,000원 (VAT 별도)",전라남도 순천시 유동1길 10 서울우리병원,3000000,1875,1875,N,false,없음,0,clean,,N,true,digital_signage
3,98,cmo60o014000004l572ktu83w,동대문 헬로APM빌딩 전광판 광고,1400000,24771,56.52,743130,카피숫자없음,카피숫자없음,카피숫자없음,,,"서울 중구 동대문 헬로APM빌딩 외벽에 설치된 대형 디지털 전광판으로 동대문패션타운 중심 입지에 위치한 차량 노출형 매체입니다. 패션·잡화 상권과 청계천, 퇴계로, 신당 방면을 연결하는 주요 도로변에 위치해 차량 유입이 지속적이며, 시야 확보가 탁월합니다. 상권 특성상 20~40대 여성 소비자 비중이 높고, 패션·주얼리·뷰티 브랜드 중심의 시즌성 광고에 효과적입니다.",서울 중구 장충단로 253 헬로APM빌딩 외벽에 설치된 13m × 17.2m 세로형 대형 LED 전광판입니다. 동대문패션타운 중심 도로변에 위치하여 차량 유입이 지속적이며 시야 확보가 탁월합니다. 20~40대 여성 소비자가 많은 패션·잡화 상권 특성을 살려 패션·주얼리·뷰티 브랜드의 시즌성 캠페인에 효과적인 DOOH 매체입니다.,"개별 영상(30초) 1개월 기준 12,000,000원 (VAT 별도)",서울 중구 장충단로 253 헬로APM빌딩,12000000,8571,8571,N,false,없음,0,clean,,N,true,digital_signage
3,100,cmqqu3jmw000404jslayiqp5s,공항철도 홍대입구역 4번 출구 패키지 광고,2800000,50000,56,1500000,카피숫자없음,카피숫자없음,카피숫자없음,,,"서울 마포구 홍대입구역 4번 출구에 위치한 대형 풀 패키지 래핑 매체입니다. AK플라자(홍대점)와 CGV(연남)로 직접 연결되는 출구로, 홍대거리 북측 사치지점 방향 이용객에게 강력한 노출이 가능합니다. 캐노피(3면) + 에스컬레이터 포스터(8면) + 계단 벽면(2면)으로 구성된 대규모 패키지로, 의류·게임·컨텐츠·리빙 브랜드 타겟에게 높은 선호도를 보이는 프리미엄 출구 매체입니다.","홍대입구역 4번 출구 패키지 ⑤는 AK플라자(홍대점)와 CGV(연남)로 직접 연결되는 출구에 위치한 대형 풀 패키지입니다. 캐노피 3면 + 에스컬레이터 포스터 8면 + 계단 벽면 2면으로 구성되어 승객이 출구를 이용하는 전 구간에서 강력한 브랜딩 효과를 발휘합니다. 패션, 게임, 컨텐츠, 리빙 브랜드를 타겟으로 하는 2030층에게 높은 선호도를 보이는 프리미엄 출구 패키지 매체입니다.","Full Package 월 40,000,000원 (VAT 별도) + 제작비 12,300,000원",서울 마포구 양화로 지하 188 홍대입구역 4번 출구 (AK플라자·CGV 연남 방향),40000000,14286,14286,N,false,없음,0,clean,,N,true,subway_station
3,101,cmqqtj8lq000104l4xr4ajz0v,공항철도 홍대입구역 환승통로 무인워크 패키지 광고,2500000,45000,55.56,1350000,카피숫자없음,카피숫자없음,카피숫자없음,,,"서울 마포구 홍대입구역 환승 통로 내 무인워크 구간에 위치한 풀 패키지 래핑 매체입니다. 2호선과 공항철도·경의중앙선을 연결하는 핵심 환승 동선에 자리하며, 벽면 풀래핑(2면) + 핸드레일(2면) + 천장 배너(20면)로 구성된 몰입형 패키지입니다. 이동하는 승객의 시선이 자연스럽게 닿는 다중 터치포인트로 구성되어 탁월한 주목도와 연출력을 제공합니다. Young 타겟이 가장 많이 이용하는 홍대입구역 환승 구간의 프리미엄 OOH 패키지 매체입니다.","홍대입구역 환승통로 무인워크 패키지 ②는 단순한 단일 매체가 아닌 벽면 풀래핑(50,505×2,337.5mm × 2면) + 핸드레일(49,760×650mm × 2면) + 천장 배너(2,400×510mm × 20면)로 구성된 몰입형 풀 패키지입니다. 이동 경로 전체를 브랜딩할 수 있어 높은 연출력과 주목도를 자랑하며, 홍대 상권을 이용하는 2030 Young 타겟에게 강력한 브랜딩 효과를 제공합니다. 대형 캠페인, 신제품 론칭, 엔터테인먼트 프로모션에 최적화된 프리미엄 OOH 패키지 매체입니다.","Full Package 월 46,000,000원 (VAT 별도) + 제작비 21,000,000원 (1회)",서울 마포구 양화로 지하 188 홍대입구역 환승 통로 무인워크 구간,46000000,18400,18400,N,false,있음,2,clean,,N,true,subway_station
3,102,cmq3x5pvz000504jpapuvuztt,성수동 KDB 산업은행 외벽 광고,2500000,45000,55.56,1350000,카피숫자없음,카피숫자없음,카피숫자없음,,,"서울 성동구 성수동 KDB 산업은행 빌딩 제휴 광고 매체입니다. 성수 카페거리와 트렌디 상권 중심에 위치한 대형 빌딩으로, IT·금융·패션·뷰티 브랜드 타겟에게 높은 노출 효과를 제공합니다. 매장 외벽, 내부, 제휴 프로모션 등 다양한 형태로 활용 가능한 성수 프리미엄 제휴 OOH/빌딩 매체입니다.","성수 KDB 산업은행 빌딩 제휴 광고 매체입니다. 성수 트렌디 상권 중심 대형 빌딩으로, 주변 유동인구와 방문객에게 지속적인 노출이 가능합니다. 외벽 그래픽, 내부 POP, 제휴 이벤트 등 다양한 형태로 활용할 수 있어 IT·금융·패션·뷰티 브랜드 프로모션에 효과적인 성수 프리미엄 제휴 매체입니다.",문의 후 견적 (VAT 별도),서울특별시 성동구 성수동2가 317-23,0,,0,N,false,없음,0,clean,,N,true,wall_mural
3,103,cmqagank3000004l8e6y4bf8d,롯데백화점 부산본점 DS 패키지 광고,5200000,95000,54.74,2850000,카피숫자없음,카피숫자없음,카피숫자없음,,,"롯데백화점 부산본점 내부에 설치된 디지털 사이니지(DS) 패키지 매체입니다. B1 트레비광장, B1 출입구, 10층 시네마, B2F 교메스트릿 등 총 10구좌로 구성되어 있으며, 백화점 이용객의 주요 동선과 체류 공간에서 안정적인 노출 효과를 제공합니다. UHD/FHD급 고화질 콘텐츠 송출이 가능한 프리미엄 백화점 DOOH 패키지입니다.","롯데백화점 부산본점 내부에 설치된 디지털 사이니지 패키지(총 10구좌)입니다. B1 트레비광장, 출입구, 10층 시네마, B2F 교메스트릿 등 주요 동선과 체류 공간에 배치되어 백화점 이용객에게 안정적이고 반복적인 노출이 가능합니다. UHD/FHD급 고화질 콘텐츠를 지원하는 프리미엄 백화점 DOOH 패키지입니다.",1구좌 기준 월 600만원 (VAT 별도),부산광역시 부산진구 가야대로 772 롯데백화점 부산본점,6000000,1154,1154,N,false,없음,0,clean,,N,true,mall
3,104,cmoyjyni0000204jujc85dhca,대구 신세계백화점 전광판 광고,6500000,120000,54.17,3600000,카피숫자없음,카피숫자없음,카피숫자없음,,,"KTX 동대구역 광장 및 대구 최대 백화점인 신세계백화점에 위치한 상징적인 전광판으로 KTX, 동대구복합환승센터, 동대구역 지하철, 버스 이용객들에게 노출되는 높은 광고효과를 자랑하는 초대형 사이즈 전광판입니다.","KTX 동대구역 광장과 대구 최대 규모 신세계백화점에 위치한 초대형 실외 전광판(17m × 9m)입니다. KTX, 동대구복합환승센터, 지하철, 버스 이용객이 집중되는 핵심 교통 허브로 높은 광고 효과를 자랑합니다. 20초 영상 형식으로 브랜드 인지도 제고와 제품 홍보에 최적화된 프리미엄 디지털 매체입니다.","1개월 기준 6,000,000원 (VAT 별도)",대구 동구 동부로 149 (신세계백화점 대구점),6000000,923,923,N,false,없음,0,clean,,N,true,digital_signage
3,105,cmquwmka0000604l2qyl38ys7,명동 미디어폴 디지털 광고,6500000,120000,54.17,3600000,카피숫자없음,카피숫자없음,카피숫자없음,,,"명동거리 중심부 255m 구간에 설치된 스트리트형 디지털 미디어폴 네트워크입니다. 총 10기 20면으로 구성되어 있으며, 보행자 시선 높이(Eye Level)에 맞춰 설치되어 외국인 관광객과 내국인 쇼핑객에게 높은 주목도를 확보할 수 있는 프리미엄 옥외 미디어입니다. 기기별 개별 송출이 가능하여 FULL, DUAL, SEQUENCE 등 다양한 콘텐츠 운영 방식을 지원합니다.","명동 미디어폴은 명동거리 중심 255m 구간에 보행자 눈높이로 설치된 스트리트형 디지털 미디어입니다. 외국인 관광객 비중이 매우 높은 명동 상권의 특성상 글로벌 브랜드와 뷰티·패션 카테고리에 특히 효과적입니다. 10기 20면 전체를 하나의 미디어로 활용하거나, 기기별 개별 송출(SEQUENCE)이 가능하여 스토리텔링형 캠페인도 구현할 수 있습니다. 일 최소 70회 송출이 보장되는 고효율 미디어입니다.","1개월 기준 월 10,000,000원 (VAT 별도)",서울 중구 명동길 255m 구간 명동 미디어폴,10000000,1538,1538,N,false,있음,12,clean,,N,true,media_pole
3,106,cmpcawpfp000204i385nxaflt,목포 MBC스테이션월 전광판 광고,2800000,52000,53.85,1560000,카피숫자없음,카피숫자없음,카피숫자없음,,,전라남도 목포시 영산로 목포역 바로 앞 MBC 사옥에 설치된 대형 커브형 세로 LED 전광판(스테이션월) 매체입니다. KTX·ITX 목포역 이용객과 원도심·역전 광장을 찾는 차량·보행자 유동인구를 직접적으로 커버하는 최고 입지입니다. 목포 관광·지역 브랜드·기업 홍보에 매우 효과적인 프리미엄 DOOH 매체입니다.,"목포역 바로 앞 MBC 사옥에 설치된 대형 커브형 세로 LED 스테이션월(13.9m × 15.7m)입니다. KTX·ITX 목포역 이용객과 역전 광장 차량·보행자를 강력하게 노출하며, 목포 관광·이동객에게 브랜드 첫인상을 심어줄 수 있는 최고의 입지입니다. 관광 프로모션, 지역 브랜드, 기업 PR, 식음료 캠페인에 최적화된 초고효율 DOOH 매체입니다.","20초(1일 80회) 기준 7,700,000원 (VAT 별도)",전라남도 목포시 영산로 101 목포MBC,7700000,2750,2750,N,false,없음,0,clean,,N,true,digital_signage
3,107,cmqi7afly000804jjt8wtzifh,광주 지하철 디지털포스터 광고,4500000,85000,52.94,2550000,카피숫자없음,카피숫자없음,카피숫자없음,,,"광주 지하철 주요 역(남광주역, 문화전당역, 운천역, 심무역, 광주송정역 등)에 설치된 55인치 고화질 디지털포스터(Digital Poster) 광고 매체입니다. 에스컬레이터, 계단, 플랫폼 등 승객 동선에 집중 배치되어 인지도와 주목도가 매우 높은 영상 송출형 디지털 OOH입니다. 5개역 동시 진행 또는 개별역 선택이 가능하며, 반복 노출을 통해 강력한 브랜드 기억 효과를 제공합니다.","광주 지하철 이용객의 동선에 직접 설치된 디지털포스터로, 에스컬레이터·계단 이용 시 강제 노출이 이루어져 높은 인지도와 주목도를 자랑합니다. 5개 주요 역 동시 집행으로 광주 전역 브랜드 노출이 가능하며, 영상 콘텐츠를 통해 감성 전달과 구매 유도 효과가 뛰어납니다.","5개역 동시: 3,500,000원 / 개별역: 1,100,000원","광주광역시 남광주역, 문화전당역, 운천역, 상무역, 광주송정역",3500000,778,778,N,false,없음,0,clean,,N,true,subway_station
3,108,cmretdztq000d04jzfoizdihm,서면 롯데백화점 중앙몰 디지털포스터 광고,4500000,85000,52.94,2550000,카피숫자없음,카피숫자없음,카피숫자없음,,,서면 롯데백화점 중앙몰 내에 설치된 14기의 디지털포스터 네트워크입니다. 0.7 × 1.1m 규격으로 이동 동선 곳곳에 배치되어 있어 높은 빈도 노출이 가능한 매체입니다.,롯데백화점 중앙몰 내 이동 동선에 설치된 14기 디지털포스터 네트워크(0.7 × 1.1m)입니다. 1구좌로 운영되며 10초 기준 250회 노출이 가능한 고빈도 노출 매체입니다.,"월 800,000원 (1구좌, 14기 통합 / VAT 별도)",부산 부산진구 중앙대로 730 롯데백화점 중앙몰,800000,178,178,N,false,있음,3,clean,,N,true,mall
3,109,cmqstjkkk00060aku4v2cv9am,광화문역 지하철 5호선 CM보드 영상 광고 (디지털),3300000,63000,52.38,1890000,카피숫자없음,카피숫자없음,카피숫자없음,,,"지하철 5호선 광화문역에 설치된 CM보드 매체입니다. 총 8기 규모로, 관공서·관광지 인접 핵심 상업 지역입니다. 평일 낮 시간대 직장인과 관광객 유동이 많습니다.",광화문역 CM보드는 관공서와 관광지가 인접한 핵심 상업 지역에 위치한 매체입니다. 평일 낮 시간대 직장인과 관광객에게 높은 노출을 제공합니다.,광화문역 전체 기준 (8기) / VAT 별도,서울 종로구 세종대로 167 광화문역 대합실,5600000,1697,1697,N,false,없음,0,clean,,N,true,subway_station
3,110,cmqstx2v500000bkkde7vct8z,광화문역 지하철 5호선 CM보드 조명 광고 (인쇄),3300000,63000,52.38,1890000,카피숫자없음,카피숫자없음,카피숫자없음,,,"지하철 5호선 광화문역에 설치된 CM보드 매체입니다. 총 8기 규모로, 관공서·관광지 인접 핵심 상업 지역입니다. 평일 낮 시간대 직장인과 관광객 유동이 많습니다.",광화문역 CM보드는 관공서와 관광지가 인접한 핵심 상업 지역에 위치한 매체입니다. 평일 낮 시간대 직장인과 관광객에게 높은 노출을 제공합니다.,광화문역 전체 기준 (8기) / VAT 별도,서울 종로구 세종대로 167 광화문역 대합실,5600000,1697,1697,N,false,없음,0,clean,,N,true,subway_station
3,111,cmod63z8h000004lar8lfzc4l,광화문 루미 미디어 전광판 광고,1850000,35529,52.07,1065870,카피숫자없음,카피숫자없음,카피숫자없음,,,"루미 미디어 전광판은 광화문 사거리 중심부 세광빌딩 외벽에 설치된 대형 디지털 옥외 매체입니다. 세종문화회관과 정부청사, 대기업 본사, 언론사 등 주요 기관이 밀집한 광화문 일대에 위치해 높은 노출 빈도를 확보하고 있습니다. 이 지역은 직장인 상주 인구와 외국인 관광객 방문율이 모두 높아 비즈니스와 관광 수요를 동시에 커버할 수 있는 입지입니다. 전면 3면이 노출되는 구조로 광화문 사거리 주요 방향을 모두 커버하며 고해상도 LED 스크린을 통해 시각적 임팩트가 뛰어납니다.","광화문 사거리 세광빌딩 외벽에 설치된 초대형 세로형 LED 전광판(22.2m × 30.5m, 2192×2976 pixel)입니다. 3면 노출 구조로 광화문 주요 방향을 모두 커버하며, 정부·기업·관광객이 밀집한 프리미엄 입지에서 금융, 공공, 글로벌 브랜드 캠페인에 최적화된 고품질 DOOH 매체입니다. 2026년 1월부터 송출 예정입니다.","20초·30초 모두 50,000,000원/월 (VAT 별도), 2026년 1월 송출 예정",서울 종로구 세종대로 159 세광빌딩,50000000,27027,27027,N,false,없음,0,clean,,N,true,digital_signage
3,112,cmo60b9fh000204juy36d7dop,삼각지 용산 해태제과빌딩 전광판 광고,950000,18357,51.75,550710,카피숫자없음,카피숫자없음,카피숫자없음,,,"해태제과빌딩 외벽에 설치된 대형 디지털 전광판으로 남영역과 삼각지, 서울역을 잇는 한강대로변 중심에 위치한 도심 도로변 매체입니다. 주요 출퇴근 차량이 집중되는 구간으로 직장인 및 도심 유입층에게 안정적인 노출 효과를 제공합니다. 인근에는 관공서, 병원, 오피스, 숙박시설 등이 밀집해 있으며 브랜드 인지도 강화형 캠페인에 적합한 매체입니다.","서울 용산구 한강대로72길 3 해태제과빌딩 외벽에 설치된 15.3m × 8.4m 가로형 대형 LED 전광판입니다. 남영역~삼각지~서울역을 잇는 한강대로 중심 도로변에 위치하여 출퇴근 차량과 유동인구에게 안정적인 노출을 제공합니다. 관공서, 병원, 오피스, 숙박시설이 밀집한 지역 특성을 활용한 브랜드 인지도 강화형 DOOH 매체입니다.","개별 영상(20초) 1개월 기준 5,000,000원 (VAT 별도)",서울 용산구 한강대로72길 3 해태제과빌딩,5000000,5263,5263,N,false,없음,0,clean,,N,true,digital_signage
3,113,cmo61hvk4000004juhpy0zn8i,이태원 무신사 에비뉴빌딩 전광판 광고,1200000,23286,51.53,698580,카피숫자없음,카피숫자없음,카피숫자없음,,,"본 매체는 이태원역 인근 패션거리 중심에 위치한 대형 곡면 디지털 전광판 매체로 고해상도 LED 패널을 통해 시각적 임팩트를 극대화합니다. 패션·뷰티·라이프스타일 브랜드의 브랜딩 중심 DOOH 캠페인에 적합하며 이태원 특유의 글로벌 유동층(관광객, 트렌드세터, 외국인 거주층)을 대상으로 트렌디하고 도시적인 브랜드 메시지를 전달하기에 효과적입니다.",서울 용산구 이태원로 191 무신사스튜디오 한남점에 설치된 대형 커브형 LED 전광판입니다. 이태원역 인근 패션거리 중심에 위치하여 글로벌 관광객과 트렌드세터에게 높은 시각적 임팩트를 제공합니다. 패션·뷰티·라이프스타일 브랜드의 브랜딩 중심 DOOH 캠페인에 최적화된 프리미엄 매체입니다.,"개별 영상(20초) 1개월 기준 10,000,000원 (VAT 별도). 규격은 별도 문의.",서울 용산구 이태원로 191 무신사스튜디오 한남점,10000000,8333,8333,N,false,없음,0,clean,,N,true,digital_signage
3,115,cmq3wwc63000j04lgcmp77yeg,성수동 자연도소금빵 외벽 광고,1800000,35000,51.43,1050000,카피숫자없음,카피숫자없음,카피숫자없음,,,"서울 성동구 성수동에 위치한 자연도소금빵 매장 제휴 광고 매체입니다. 성수 카페거리와 트렌디 상권 중심에 있는 인기 베이커리 매장으로, 맛집 방문객과 젊은 층 유동인구가 많아 브랜드 노출 효과가 뛰어납니다. 매장 외벽, 내부 POP, 협업 프로모션 등 다양한 형태로 활용 가능한 성수 프리미엄 제휴 OOH/매장 광고 매체입니다.","성수 자연도소금빵 매장에서 진행 가능한 제휴 광고 매체입니다. 성수 카페거리 인기 베이커리 매장으로, 방문객과 주변 유동인구에게 자연스러운 브랜드 노출이 가능합니다. 매장 외벽 그래픽, 내부 POP, 협업 이벤트 등 다양한 형태로 활용할 수 있어 패션·뷰티·F&B·라이프스타일 브랜드 프로모션에 효과적인 성수 제휴 매체입니다.",문의 후 견적 (VAT 별도),서울특별시 성동구 성수동2가 321-74,0,,0,N,false,없음,0,clean,,N,true,wall_mural
3,114,cmpdbwneg000004ju3yqfxpqc,원주 남부시장사거리 전광판 광고,1800000,35000,51.43,1050000,카피숫자없음,카피숫자없음,카피숫자없음,,,강원도 원주시 치악로 남부시장사거리에 위치한 대형 가로형 LED 전광판 매체입니다. 원주 남부시장과 주요 상권 중심 사거리에 자리 잡아 차량 통행량과 보행자·쇼핑객 유동인구를 효과적으로 커버합니다. 원주 생활·상업 밀착형 타겟에게 최적화된 안정적인 프리미엄 DOOH 매체입니다.,"원주 남부시장사거리 치악로에 설치된 대형 가로형 LED 전광판(8m × 6m)입니다. 남부시장 주변 상권과 사거리 차량·보행자 흐름을 효과적으로 포착하며, 지역 주민과 쇼핑객에게 높은 반복 노출을 제공합니다. 생활용품, 식음료, 지역 상권, 서비스 업종 프로모션에 최적화된 비용 효율적인 DOOH 매체입니다.","20초(1일 100회) 기준 2,000,000원 (VAT 별도)",강원도 원주시 치악로 1793,2000000,1111,1111,N,false,없음,0,clean,,N,true,digital_signage
3,116,cmp0f3wki000604ibq97ht1kj,원주 고속버스터미널 옆 대호빌딩 전광판 광고,2300000,45000,51.11,1350000,카피숫자없음,카피숫자없음,카피숫자없음,,,"강원도 원주시 서원대로에 위치한 대호빌딩 옥상에 설치된 대형 가로형 LED 전광판 매체입니다. 원주 고속·시외버스터미널 바로 옆에 자리 잡아 전국 각지에서 유입되는 버스 이용객과 차량·보행자 유동인구를 강력하게 커버합니다. 원주 교통·상권 중심지로서 지역 브랜드, 관광 프로모션, 기업 홍보에 최적화된 프리미엄 DOOH 매체입니다.","원주 고속버스터미널 바로 옆 대호빌딩 옥상에 설치된 대형 가로형 LED 전광판(11m × 7m)입니다. 전국 각지에서 유입되는 버스 이용객과 단계동 상권(메가박스, AK플라자, 롯데마트 인근) 차량·보행자를 효과적으로 포착합니다. 관광·이동객·지역 상권 타겟 캠페인에 최적화된 고효율 DOOH 매체입니다.","20초(1일 100회) 기준 4,000,000원 (VAT 별도)",강원도 원주시 서원대로 165 대호빌딩,4000000,1739,1739,N,false,없음,0,clean,,N,true,digital_signage
