mediaId,mediaName,group,ratio,impressions,dailyFootfall,computed_daily_x30,copyClaimedValue,copyRawText,copyMismatchReasons,mismatchRatio,contradictionType,hasProposal,galleryProposalCount,galleryProposalPaths,mediaSubCategory,verdict,verdictNote
cmp3biu21000004l8a8ijkh9c,지하철 2호선 메트로라이브 광고,1,346.15,45000000,130000,3900000,70000000,"… 수 있습니다. 메트로라이브는 서울 지하철 2호선 내·외선 열차 내부에 설치된 프리미엄 차내 디지털 매체입니다. 2호선은 서울에서 가장 이용객이 많은 노선으로, 월 평균 7,000만명 이상이 이용합니다. 출입문 상단에 설치된 대형 LCD로 승객들의 시선이 자연스럽게 집중되며, 15초 소재 기준 일 70회 이상 송출이 보장됩니다. 브랜드 영상 …",카피월≠daily×30;price=impressions,17.9487,OTHER,false,4,https://tkad-cdn.b-cdn.net/지하철 메트로라이브 광고매체 제안서4.jpg | https://tkad-cdn.b-cdn.net/지하철 메트로라이브 광고매체 제안서5.jpg | https://tkad-cdn.b-cdn.net/지하철 메트로라이브 광고매체 제안서1.jpg | https://tkad-cdn.b-cdn.net/지하철 메트로라이브 광고매체 제안서2.jpg,subway_station,,
cmozef5v4000404l21zc780sn,인천공항 T1 Center Bridge,1,181.82,20000000,110000,3300000,,"파싱실패/카피숫자없음 — 원문: 출국 수속 후 비행기 탑승 전 이용하는 면세점과 쇼핑 및 편의시설 구역에 위치한 매체입니다. 대부분의 여행객이 가장 오랜 시간을 머무는 공간으로 다수의 글로벌 패션 및 명품 브랜드 매장 인근에 위치해 높은 노출 효과를 제공합니다. 인천국제공항 제1여객터미널 출발층 면세점과 쇼핑·편의시설 구역 내 Center Bridge에 위치한 대형 가로형 OOH 매체(9m × 2.5m, 4기)입니다. 출국 수속 후 탑승 전까지 대부분의 여행객이 가장 오랜 시간을 보내는 핵심 쇼핑 동선에 자리하여 지속적이고 높은…",cpm≤10(placeholder),,OTHER,false,0,,subway_station,,
cmqp7sr5k000004jpyzaczfao,분당선 압구정로데오역 헬로 로데오 DS 광고,1,171.05,6500000,38000,1140000,970000,"…형 디지털사이니지입니다. 총 8기 30면의 압도적인 규모로 로비 중앙을 장악하며, 럭셔리·패션·뷰티 브랜드가 실제로 집행 중인 고품질 실내 DOOH 매체입니다. 월 97만 명 이상의 유동인구와 높은 소비지수를 보유한 프리미엄 타겟에게 강력한 브랜딩 효과를 제공합니다. 1구좌 기준 8,000,000원 (VAT 별도) / 총 20구좌 운…",카피월≠daily×30,0.8509,OTHER,false,0,,subway_station,,
cmo5zgtqk000004l8s594fn51,신세계백화점 본점 신세계 스퀘어 전광판 광고,1,134.67,4500000,33414,1002420,120000,"…화점 전면 미디어입니다. 총면적 약 1,292㎡의 초대형 커브드 LED 전광판으로 명동·시청·남대문을 잇는 도심 중심축에서 압도적인 시각적 존재감을 형성합니다. 하루 평균 12만 명 이상이 통행하는 고밀도 상권 내에서 럭셔리 브랜드, 패션, 뷰티 캠페인에 최적화된 프리미엄 DOOH 미디어로 국내 최고 수준의 해상도와 밝기를 제공합니다. 서울…",카피일≠dailyFootfall,0.1197,OTHER,false,0,,digital_signage,,
cmrx2jg0z001n04jr751ualgm,KTX 전주역 맞이방 영상광고 (4번) 광고,2,120,1800000,15000,450000,,"파싱실패/카피숫자없음 — 원문: 전주역 맞이방에 설치된 대형 영상광고 매체입니다. 4,000 × 2,000mm 규격의 디지털 스크린으로, 역사 이용객이 집중되는 맞이방 핵심 위치에 노출됩니다. 일 200회 내외(월 약 6,000회) 표출되며, 15구좌 기준으로 운영됩니다. 전주역 맞이방 영상광고는 역사 이용객이 가장 많이 모이는 핵심 동선에 위치한 대형 디지털 매체입니다. 일 200회 이상 표출되어 높은 반복 노출 효과를 제공하며, KTX 이용객과 지역 주민을 동시에 타겟팅할 수 있습니다. 20초 1,200,000원 / 30초 …",cpm≤10(placeholder),,OTHER,false,0,,ktx_terminal,,
cmokcli51000004l19rum9jwj,스타필드 하남점 LED 전광판 광고,2,92.86,6500000,70000,2100000,,"파싱실패/카피숫자없음 — 원문: 스타필드 하남점 LED 전광판은 일평균 7만 명 주말 최대 10만 명이 방문하는 수도권 동부 대표 복합쇼핑몰의 핵심 공간에 설치된 초대형 디지털 광고 매체입니다. 쇼핑몰 중심부 고층 개방형 천장 아래 위치하여 방문객의 동선과 시선을 자연스럽게 사로잡는 구조로 설계되었습니다. 2030세대 젊은 층부터 가족 단위 방문객, 고소득 소비층까지 폭넓게 커버하며, 브랜드 메시지를 고급스럽고 임팩트 있게 전달할 수 있습니다. 서울 강동·송파 및 경기 하남·광주·성남권까지 아우르는 광역 커버리지와 파급력을 제공…",cpm≤10(placeholder),,OTHER,false,0,,billboard,,
cms4dt5b8000404l4ze7pd4em,디저트랩 이마트24 서울숲점 LED 사이니지 광고,2,65.79,2500000,38000,1140000,,"파싱실패/카피숫자없음 — 원문: 디저트의 성지 아뜰리에길 초입에 위치한 대형 LED 전광판. 감각적 인테리어로 주목도가 최상인 위치에 설치되어 있습니다. 디저트의 성지 아뜰리에길 초입에 위치한 대형 LED 전광판(1,280mm × 2,400mm, 688px × 1,290px). 세로형 9:16 영상 송출이 가능하며, 감각적 인테리어로 주목도가 최상인 위치에 설치되어 성수동 방문객에게 높은 노출을 제공합니다. 2,500,000원 / 월 (VAT 제외) · 일 100회 이상 (20초 소재 기준) · 총 30구좌 중 상업광고 24구좌",price=impressions,,OTHER,false,0,,convenience,,
cmp0gjlox000m04ib37h33kgd,인천지하철 1호선 원인재역 디지털사이니지 (디지털포스터) 광고,2,57.14,1200000,21000,630000,,"파싱실패/카피숫자없음 — 원문: 인천지하철 1호선 원인재역에 설치된 디지털사이니지 매체입니다. 55인치 Full HD 모니터 4기로 구성되어 있으며, 승강장 입구와 대합실에 위치해 계양 방향·국제업무지구 방향 이용객에게 노출됩니다. 원인재역 디지털사이니지는 승강장 입구에 위치한 55인치 4기 매체입니다. 연수구 일대 통행객에게 안정적인 노출이 가능하며 비용 효율이 좋은 매체입니다. 20초 동영상 기준 월 1,100,000원 / 10초 스틸 월 900,000원 (VAT 별도)",cpm≤10(placeholder),,OTHER,false,0,,subway_station,,
cmp0gg9e3000e04jicm5nl221,인천지하철 1호선 작전역 디지털사이니지 (디지털포스터) 광고,2,57.14,1600000,28000,840000,,"파싱실패/카피숫자없음 — 원문: 인천지하철 1호선 작전역에 설치된 디지털사이니지 매체입니다. 55인치 Full HD 모니터 8기로 구성되어 있으며, 대합실 주요 통로에 위치해 경인교대입구역·갈산역 방향 이용객에게 노출됩니다. 작전역 디지털사이니지는 55인치 8기 규모로 대합실 핵심 통로에 설치되어 높은 주목도를 제공합니다. 중규모 역사에 적합한 효율적인 매체입니다. 20초 동영상 기준 월 1,900,000원 / 10초 스틸 월 1,700,000원 (VAT 별도)",cpm≤10(placeholder),,OTHER,false,0,,subway_station,,
cmp0gi5je000g04jile8iqnr5,인천지하철 1호선 부평역 디지털사이니지 (디지털포스터) 광고,2,56.92,3700000,65000,1950000,,"파싱실패/카피숫자없음 — 원문: 인천지하철 1호선 부평역에 설치된 디지털사이니지 매체입니다. 55인치 Full HD 모니터 28기로 구성되어 있으며, 승강장 계단 벽면과 환승 대합실에 대규모로 설치되어 부평 상권·환승객에게 강력한 노출을 제공합니다. 부평역 디지털사이니지는 55인치 28기 규모의 최대 매체입니다. 승강장 계단과 환승 대합실에 집중 배치되어 부평 상권과 환승객에게 압도적인 노출 효과를 제공합니다. 20초 동영상 기준 월 3,600,000원 / 10초 스틸 월 3,100,000원 (VAT 별도)",cpm≤10(placeholder),,OTHER,false,0,,subway_station,,
cmrwgei4j000b04lat8caj53b,인천지하철 1호선 인천시청역 I-SCREEN 영상광고,2,56.92,1000000,17569,527070,,"파싱실패/카피숫자없음 — 원문: 인천지하철 인천시청역에 설치된 I-SCREEN LED 영상광고 매체입니다. 인천1·2호선 환승역이자 행정·교육 중심지로, 인천시청·인천시교육청 등 중요 교통·행정 거점에 위치합니다. 인천시청역 I-SCREEN은 인천의 행정·교육 중심 환승역에 위치한 LED 영상매체입니다. 시청·교육청 관련 유동인구와 환승객에게 안정적인 노출이 가능하며, 비교적 합리적인 단가로 집행할 수 있습니다. 20초 기준 월 2,000,000원 / 30초 기준 월 3,000,000원 (VAT 별도)",cpm≤10(placeholder),,OTHER,false,0,,subway_station,,
cmp0gd45o000c04ji4usu8p0e,인천지하철 1호선 예술회관역 디지털사이니지 (디지털포스터) 광고,2,56.82,1250000,22000,660000,,"파싱실패/카피숫자없음 — 원문: 인천지하철 1호선 예술회관역에 설치된 디지털사이니지 매체입니다. 55인치 Full HD 모니터 4기로 구성되어 있으며, 대합실 정면에 위치해 인천시청 방향 이용객과 예술회관 방문객에게 노출됩니다. 예술회관역 디지털사이니지는 대합실 정면에 위치한 55인치 4기 매체입니다. 문화·예술 타겟과 일반 통행객에게 안정적인 노출이 가능하며 합리적인 단가가 특징입니다. 20초 동영상 기준 월 1,100,000원 / 10초 스틸 월 900,000원 (VAT 별도)",cpm≤10(placeholder),,OTHER,false,0,,subway_station,,
cmrwfuh1b000g04lghb3kaxkg,인천지하철 2호선 검암역 I-SCREEN 영상광고,2,56.82,1270000,22353,670590,,"파싱실패/카피숫자없음 — 원문: 인천지하철 검암역에 설치된 I-SCREEN LED 영상광고 매체입니다. 공항철도와 인천2호선 환승역으로, 인천국제공항·김포공항·영종신도시·청라국제신도시 이용객이 집중되는 핵심 환승 동선에 위치합니다. 검암역 I-SCREEN은 공항철도·인천2호선 환승 핵심 역사에 위치한 LED 영상매체입니다. 공항 이용객과 영종·청라 신도시 거주자에게 높은 노출 효과를 제공하며, 곡선형 대형 화면으로 강한 주목도를 확보합니다. 20초 기준 월 5,000,000원 / 30초 기준 월 7,000,000원 (VAT 별도…",cpm≤10(placeholder),,OTHER,false,0,,subway_station,,
cmrwfnosu000m04laknk1lk46,인천지하철 1호선 테크노파크역 I-SCREEN 영상광고,2,56.8,1470000,25879,776370,,"파싱실패/카피숫자없음 — 원문: 인천지하철 테크노파크역에 설치된 I-SCREEN LED 영상광고 매체입니다. 송도 국제도시 랜드마크 역사에 위치하며, COB Type LED를 적용한 고시인성 디지털 매체입니다. 대기업 본사·바이오산업·국제학교·현대프리미엄아울렛 이용객이 집중되는 핵심 동선에 설치되어 있습니다. 테크노파크역 I-SCREEN은 송도 국제도시의 핵심 역사에 위치한 대형 LED 영상매체입니다. 15m 길이의 압도적인 규모와 COB Type 고해상도 LED로 강한 시인성을 확보하며, 대기업·바이오·국제학교 타겟에게 효과적…",cpm≤10(placeholder),,OTHER,false,0,,subway_station,,
cmrwg26u0000104l20ofjcxkk,인천지하철 2호선 주안역 I-SCREEN 영상광고,2,56.74,3150000,55513,1665390,,"파싱실패/카피숫자없음 — 원문: 인천지하철 주안역에 설치된 I-SCREEN LED 영상광고 매체입니다. 국철 1호선과 인천2호선 환승역으로, 인천시민과 수도권 전반의 접근이 용이한 핵심 환승 역사에 위치합니다. 일평균 이용객 5.5만명 이상으로 4개 역사 중 최고 유동인구를 기록합니다. 주안역 I-SCREEN은 인천 최대 환승 역사 중 하나에 위치한 LED 영상매체입니다. 일평균 5.5만명 이상의 높은 유동인구와 1호선·인천2호선 환승객에게 강력한 노출이 가능합니다. 20초 기준 월 5,000,000원 / 30초 기준 월 7,0…",cpm≤10(placeholder),,OTHER,false,0,,subway_station,,
cmrwirjcs000504jlnlr684lo,인천지하철 1호선 디지털사이니지 전체 턴키 (7개 역사) 광고,2,56.72,13500000,238000,7140000,,"파싱실패/카피숫자없음 — 원문: 인천지하철 1호선 7개 역사(계양·작전·부평구청·부평·인천터미널·예술회관·원인재)에 설치된 디지털사이니지 전체 패키지입니다. 55인치 60기 + 32인치 12기 총 72패널로 구성되어 있으며, 1호선 주요 유동인구 역사에 동시 노출이 가능합니다. 인천지하철 1호선 디지털사이니지 전체 턴키는 7개 핵심 역사에 총 72패널을 동시 집행하는 패키지입니다. 부평·터미널 등 고유동 역사를 포함해 넓은 커버리지와 높은 반복 노출 효과를 제공합니다. 20초 동영상 기준 월 13,000,000원 / 10초 스틸…",cpm≤10(placeholder),,OTHER,false,0,,subway_station,,
cmrwib77h000m04l28pi9b6ro,인천지하철 1호선 인천터미널역 디지털사이니지 (디지털포스터) 광고,2,56.67,2550000,45000,1350000,,"파싱실패/카피숫자없음 — 원문: 인천지하철 1호선 인천터미널역에 설치된 디지털사이니지 매체입니다. 55인치 4기 + 32인치 12기로 구성되어 있으며, 롯데백화점·터미널 이용객이 집중되는 핵심 역사에 위치합니다. 인천터미널역 디지털사이니지는 롯데백화점과 터미널이 인접한 핵심 역사에 위치합니다. 55인치+32인치 혼합 구성으로 계단·대합실 동선에 효과적으로 노출됩니다. 20초 동영상 기준 월 2,600,000원 / 10초 스틸 월 2,100,000원 (VAT 별도)",cpm≤10(placeholder),,OTHER,false,0,,subway_station,,
cmp0geb4p000i04ibjncqsfya,인천지하철 1호선 부평구청역 디지털사이니지 (디지털포스터) 광고,2,56.25,1800000,32000,960000,,"파싱실패/카피숫자없음 — 원문: 인천지하철 1호선 부평구청역에 설치된 디지털사이니지 매체입니다. 55인치 Full HD 모니터 8기로 구성되어 있으며, 7호선 환승 통로에 위치해 부평시장·국제업무지구 방향 이용객에게 노출됩니다. 부평구청역 디지털사이니지는 7호선 환승 통로에 위치한 55인치 8기 매체입니다. 환승객 동선에 직접 노출되어 높은 도달 효과를 기대할 수 있습니다. 20초 동영상 기준 월 1,900,000원 / 10초 스틸 월 1,700,000원 (VAT 별도)",cpm≤10(placeholder),,OTHER,false,0,,subway_station,,
