priority,name,id,cheapestPeriod,cheapestPrice,cheapestLabel,priceNote,displayPeriod,displayPriceWon,monthlyShown,labelInfer,guess,confidence,hints
0,명동 미디어폴 디지털 광고,cmquwmka0000604l2qyl38ys7,1일,700000,1일 패키지 (팬클럽 한정),,month,700000,700000,day,확인 필요 (일당 vs 1일 패키지 총액),low,note/label suggests package/total
1,강남 고속터미널 르본시티빌딩 전광판,cmp86dklz000004kz1i8b8bxb,2주,4500000,2주,,month,4500000,4500000,week,패키지 총액 가능성 높음 → biweekly(×2) 후보 (수동 확인),medium,
1,강남 미진프라자 래핑 아트월 광고,cmof5417k000204lanx892ehf,2주,120000000,래핑 광고 2주,,month,120000000,120000000,week,패키지 총액 가능성 높음 → biweekly(×2) 후보 (수동 확인),medium,
1,강남 미진프라자 전광판 광고,cmof4noau000004l2wsiuabot,2주,8500000,2주 (30초 개별 영상),,month,8500000,8500000,week,패키지 총액 가능성 높음 → biweekly(×2) 후보 (수동 확인),medium,
1,강남 브라운 성형외과 전광판 광고 (DSG빌딩),cmoefn4zx000004i7jsbn32sx,2주,8100000,개별 20초 (2주),,month,8100000,8100000,week,패키지 총액 가능성 높음 → biweekly(×2) 후보 (수동 확인),medium,
1,강남역 자이언트월 미디어 광고,cmoeiyvcf000004ky64k0c9ri,2주,5500000,30초 (개별) 2주,,month,5500000,5500000,week,패키지 총액 가능성 높음 → biweekly(×2) 후보 (수동 확인),medium,
1,광주 금남로 천하빌딩 전광판 광고,cmpcabkgx000004kw0io16eoi,2주,1700000,2주,,month,1700000,1700000,week,패키지 총액 가능성 높음 → biweekly(×2) 후보 (수동 확인),medium,
1,광주 송정역 은성빌딩 전광판 광고,cmpcamnsx000004i3q2d5ohav,2주,3300000,2주,,month,3300000,3300000,week,패키지 총액 가능성 높음 → biweekly(×2) 후보 (수동 확인),medium,
1,구로 경동나비엔 전광판 광고,cmpbd5ji0000004lbxssgh6sq,2주,3300000,2주,,month,3300000,3300000,week,패키지 총액 가능성 높음 → biweekly(×2) 후보 (수동 확인),medium,
1,구로 동해빌딩 전광판 광고,cmpbcz6tq000004jry0n257v9,2주,2800000,2주,,month,2800000,2800000,week,패키지 총액 가능성 높음 → biweekly(×2) 후보 (수동 확인),medium,
1,구파발역 스마트쉘터 광고,cmpmip7fl000004ju6113q3tc,2주,2800000,2주,,month,2800000,2800000,week,패키지 총액 가능성 높음 → biweekly(×2) 후보 (수동 확인),medium,
1,대구 공평네거리 전광판 광고,cmo747vjn000004jsh7fzoa7b,2주,2300000,2주,,month,2300000,2300000,week,패키지 총액 가능성 높음 → biweekly(×2) 후보 (수동 확인),medium,
1,대구 동대구역 무제여관 전광판 광고,cmpdey0jo000004jp7wp8b88x,2주,1700000,2주,,month,1700000,1700000,week,패키지 총액 가능성 높음 → biweekly(×2) 후보 (수동 확인),medium,
1,대구 동대구역 은종빌딩 전광판 광고,cmpdf5www000004l1rkkssf7s,2주,2800000,2주,,month,2800000,2800000,week,패키지 총액 가능성 높음 → biweekly(×2) 후보 (수동 확인),medium,
1,대구 동대구역 W525타워 전광판 광고,cmpdfxbux000004jpuc7t18q2,2주,4000000,2주,,month,4000000,4000000,week,패키지 총액 가능성 높음 → biweekly(×2) 후보 (수동 확인),medium,
1,대구 동대구역네거리 전광판 광고,cmpdebcdm000004ji3ljh78u9,2주,1700000,2주,,month,1700000,1700000,week,패키지 총액 가능성 높음 → biweekly(×2) 후보 (수동 확인),medium,
1,대구 로얄빌딩 외벽 래핑 광고,cmo73nwwl000204jo7djnf700,2주,10000000,2주,,month,10000000,10000000,week,패키지 총액 가능성 높음 → biweekly(×2) 후보 (수동 확인),medium,
1,대구 범어네거리 전광판 광고,cmoy5h09h000004jo5avjq0tf,2주,2800000,2주,,month,2800000,2800000,week,패키지 총액 가능성 높음 → biweekly(×2) 후보 (수동 확인),medium,
1,대구 범어네거리 W한의원 전광판,cmpdd869l000004le53f42g85,2주,1700000,2주,,month,1700000,1700000,week,패키지 총액 가능성 높음 → biweekly(×2) 후보 (수동 확인),medium,
1,대구 벤처밸리네거리 호산빌딩 전광판 광고,cmpddti3k000004l5vipglpib,2주,1700000,2주,,month,1700000,1700000,week,패키지 총액 가능성 높음 → biweekly(×2) 후보 (수동 확인),medium,
1,대구 신매네거리 전광판 광고,cmpddmu7u000004jjvot8dk5r,2주,1700000,2주,,month,1700000,1700000,week,패키지 총액 가능성 높음 → biweekly(×2) 후보 (수동 확인),medium,
1,대구 효신네거리 전광판 광고,cmpde6uwe000004la5s2hnywv,2주,1700000,2주,,month,1700000,1700000,week,패키지 총액 가능성 높음 → biweekly(×2) 후보 (수동 확인),medium,
1,도산대로 SEDEC 외벽 광고,cmrl2slo4000n04lau914hdkb,2주,100000000,2주 집행,,month,100000000,100000000,week,패키지 총액 가능성 높음 → biweekly(×2) 후보 (수동 확인),medium,
1,디지털 사각기둥 (PSP) 지하철 광고,cmr0p4wk6000004ky6mjvw3qb,10일,14000000,All Pack (10일),,month,14000000,14000000,day,확인 필요 (N일 패키지 총액 vs 일당),low,
1,명동 고려빌딩 전광판 광고,cmo5y12ki000004jvzvukboze,2주,5500000,20초 개별 (2주),,month,5500000,5500000,week,패키지 총액 가능성 높음 → biweekly(×2) 후보 (수동 확인),medium,
1,목포 코아빌딩 전광판 광고,cmpcascft000204kwtjycd0zc,2주,2200000,2주,,month,2200000,2200000,week,패키지 총액 가능성 높음 → biweekly(×2) 후보 (수동 확인),medium,
1,목포 MBC스테이션월 전광판 광고,cmpcawpfp000204i385nxaflt,2주,4200000,2주,,month,4200000,4200000,week,패키지 총액 가능성 높음 → biweekly(×2) 후보 (수동 확인),medium,
1,부산 사상역 애플아울렛 본관 전광판 광고,cmo62ntop000005l75nq7soif,2주,2800000,20초 100회 (2주),,month,2800000,2800000,week,패키지 총액 가능성 높음 → biweekly(×2) 후보 (수동 확인),medium,
1,부산 자갈치시장 해안미디어보드 전광판 광고,cmpdw86yy000604lbo1njx8en,2주,1700000,2주,,month,1700000,1700000,week,패키지 총액 가능성 높음 → biweekly(×2) 후보 (수동 확인),medium,
1,부산 자갈치역 JS메디컬 전광판 광고,cmpdw6b60000204lbzq9zn0go,2주,1700000,1면 2주,,month,1700000,1700000,week,패키지 총액 가능성 높음 → biweekly(×2) 후보 (수동 확인),medium,
1,부산 지하철 1·3호선 연산역 디지털 사이니지 광고,cmoyjrhu1000004jubn133nyj,2주,2200000,2주,,month,2200000,2200000,week,패키지 총액 가능성 높음 → biweekly(×2) 후보 (수동 확인),medium,
1,불광역 보광빌딩 전광판 광고,cmox127nj000804l8p3nmo48i,2주,4000000,20초 2주,,month,4000000,4000000,week,패키지 총액 가능성 높음 → biweekly(×2) 후보 (수동 확인),medium,
1,사당역 삼진빌딩 전광판 광고,cmpbcufq0000004l4kl2vh2no,2주,6500000,2주,,month,6500000,6500000,week,패키지 총액 가능성 높음 → biweekly(×2) 후보 (수동 확인),medium,
1,서울 고속터미널 전자게시대 광고,cmpsk57c5000004l8o39qnxs2,15일,380000,2주,,month,380000,380000,week,패키지 총액 가능성 높음 → biweekly(×2) 후보 (수동 확인),medium,
1,서울 시내 버스 TV 광고,cmp3aru5q000004kzxzxwourt,1시간,20000000,2기 2면 (30초),,month,20000000,20000000,month,확인 필요,none,
1,서울 시내버스 중앙문 PKG 광고,cmqjgaph8000004l1l8lisi2p,6개월,50000,6개월 이상,,month,50000,50000,month,다개월 총액 가능성 → month 단가 취급 시 과대 표시 위험,medium,note/label suggests package/total
1,서울 택시 상단 영상 광고,cmq9cpmym000204jltw5crun4,campaign,5000000,motov-zone,,month,5000000,5000000,month,확인 필요,none,
1,성남 모란사거리 전광판 광고,cmo7fdpqb000004kzqpw67k6p,2주,3500000,20초 100회 (2주),,month,3500000,3500000,week,패키지 총액 가능성 높음 → biweekly(×2) 후보 (수동 확인),medium,
1,순천 조례삼거리 서울우리병원 전광판 광고,cmpca463d000404l8on57twws,2주,1700000,2주,,month,1700000,1700000,week,패키지 총액 가능성 높음 → biweekly(×2) 후보 (수동 확인),medium,
1,순천 팔마오거리 지뜨호텔 전광판 광고,cmpca1tbb000204l84v1kfrzn,2주,2200000,2주,,month,2200000,2200000,week,패키지 총액 가능성 높음 → biweekly(×2) 후보 (수동 확인),medium,
1,시청 광학빌딩 외벽 아트월 광고,cmoigbimb000004ibtxtg5y5e,2주,96000000,2주 아트월,,month,96000000,96000000,week,패키지 총액 가능성 높음 → biweekly(×2) 후보 (수동 확인),medium,
1,신사 성현빌딩 전광판 광고,cmo6f7wqq000004ld244yostf,2주,4500000,20초 100회 (2주),,month,4500000,4500000,week,패키지 총액 가능성 높음 → biweekly(×2) 후보 (수동 확인),medium,
1,신사 송천빌딩 전광판 광고,cmpdtixqw000504l1o2d5iakf,2주,4000000,20초 2주,,month,4000000,4000000,week,패키지 총액 가능성 높음 → biweekly(×2) 후보 (수동 확인),medium,
1,신촌 스타빌딩 외벽 아트월 광고,cmoe2sdbn000004lb3yqhzoos,2주,48000000,2주,,month,48000000,48000000,week,패키지 총액 가능성 높음 → biweekly(×2) 후보 (수동 확인),medium,
1,압구정 제원빌딩 외벽 아트월 광고,cmoigmub4000204ldy691acwo,2주,65000000,2주 아트월,,month,65000000,65000000,week,패키지 총액 가능성 높음 → biweekly(×2) 후보 (수동 확인),medium,
1,압구정로데오 H2 광고,cmoftn5sa000004i2czjp6nxx,2주,72000000,2주 (개별),,month,72000000,72000000,week,패키지 총액 가능성 높음 → biweekly(×2) 후보 (수동 확인),medium,
1,에어부산 기내 샘플 증정,cmrlzvqhh000a04kwnaxrsv22,1회,1200000,1편 (1회),,month,1200000,1200000,month,확인 필요,none,
1,여수 메가박스 전광판 광고,cmpc9yuwa000004l8blx83uyn,2주,2200000,2주,,month,2200000,2200000,week,패키지 총액 가능성 높음 → biweekly(×2) 후보 (수동 확인),medium,
1,영등포 타임스퀘어 자이언트 아트캔버스 광고,cmoiftohh000404jx0bxv87ll,2주,4500000,"2주 (20초, 102회+/일, 23구좌)",,month,4500000,4500000,week,패키지 총액 가능성 높음 → biweekly(×2) 후보 (수동 확인),medium,
1,용산 라부티크 블루 외벽 아트월 광고,cmod0qyqw000004jsjszwr5ga,2주,84000000,2주,,month,84000000,84000000,week,패키지 총액 가능성 높음 → biweekly(×2) 후보 (수동 확인),medium,
1,용산 무경빌딩 외벽 아트월 광고,cmof4rf1t000004la8mqc92io,2주,24000000,빌보드 광고,,month,24000000,24000000,month,패키지 총액 가능성 높음 → biweekly(×2) 후보 (수동 확인),medium,
1,원주 고속버스터미널 옆 대호빌딩 전광판 광고,cmp0f3wki000604ibq97ht1kj,2주,2200000,2주,,month,2200000,2200000,week,패키지 총액 가능성 높음 → biweekly(×2) 후보 (수동 확인),medium,
1,원주 남부시장사거리 전광판 광고,cmpdbwneg000004ju3yqfxpqc,2주,1100000,2주,,month,1100000,1100000,week,패키지 총액 가능성 높음 → biweekly(×2) 후보 (수동 확인),medium,
1,을지로입구 교원빌딩 엠시티(M-CITY) 전광판 광고,cmo5ye7b2000404jviyc4t8u1,7일,25000000,7일,,month,25000000,25000000,day,확인 필요 (N일 패키지 총액 vs 일당),low,
1,이태원 모드 127 외벽 아트월 광고,cmo61x9p2000004l74urruqao,2주,25000000,아트월 광고 (2주),,month,25000000,25000000,week,패키지 총액 가능성 높음 → biweekly(×2) 후보 (수동 확인),medium,
1,이태원 한남 스퀘어 광고,cmoig8ceq000204jxf3m4kqhl,2주,54000000,2주 아트월,,month,54000000,54000000,week,패키지 총액 가능성 높음 → biweekly(×2) 후보 (수동 확인),medium,
1,잠실 유토피아 전광판 광고,cmo74ek5f000004jp7xyowkfy,3일,1200000,20초 3일,,month,1200000,1200000,day,확인 필요 (N일 패키지 총액 vs 일당),low,
1,제주 노형오거리 전광판 광고,cmo6hz6l3000004jv0ncqx7l0,2주,4000000,20초 2주,,month,4000000,4000000,week,패키지 총액 가능성 높음 → biweekly(×2) 후보 (수동 확인),medium,
1,제주 노형이마트 전광판 광고,cmo6i5vdo000004jopntcpuo3,2주,4000000,20초 2주,,month,4000000,4000000,week,패키지 총액 가능성 높음 → biweekly(×2) 후보 (수동 확인),medium,
1,제주공항 프로모션 존 광고,cmqa8uayk000004if5mo3208k,2주,20000000,2주 이용,,month,20000000,20000000,week,패키지 총액 가능성 높음 → biweekly(×2) 후보 (수동 확인),medium,note/label suggests package/total
1,종각 보신각 외벽 아트월 광고,cmox0f1q5000004ic5ttjyd43,2주,55900000,빌보드 광고 2주,,month,55900000,55900000,week,패키지 총액 가능성 높음 → biweekly(×2) 후보 (수동 확인),medium,
1,종로 북촌 57갤러리 카페 외벽,cmqt1otrs00000ajfv6siozwr,2주,40000000,57갤러리 카페 외벽 (정면 + 후면 / 2면),,month,40000000,40000000,month,패키지 총액 가능성 높음 → biweekly(×2) 후보 (수동 확인),medium,
1,지하철 2호선 강남역 아트래핑 지하철 광고,cmofpvqak000204jrmhjsdgk7,2주,2800000,개별 2주,,month,2800000,2800000,week,패키지 총액 가능성 높음 → biweekly(×2) 후보 (수동 확인),medium,
1,지하철 2호선 강남역 아트플랫폼 광고,cmpdvixn0000104jre8fcrabz,2주,4500000,단독 30초 2주,,month,4500000,4500000,week,패키지 총액 가능성 높음 → biweekly(×2) 후보 (수동 확인),medium,
1,지하철 2호선 강남역 PMP 광고,cmoforsto000004jrjawzqx3y,2주,17000000,20초 2주 (20구좌),,month,17000000,17000000,week,패키지 총액 가능성 높음 → biweekly(×2) 후보 (수동 확인),medium,
1,지하철 2호선 홍대입구역 아트래핑 광고,cmoidrv5h000004l596jxzu89,2주,2800000,개별 2주,,month,2800000,2800000,week,패키지 총액 가능성 높음 → biweekly(×2) 후보 (수동 확인),medium,
1,천안·아산 버스 외부 광고,cmrl1o96l000104l1dwy24xus,1회,100000,제작비 (1대),,month,100000,100000,month,확인 필요,none,
1,춘천 중앙로터리 SC제일은행 전광판 광고,cmpdb1yeb000004jxohnd90wm,2주,2200000,2주,,month,2200000,2200000,week,패키지 총액 가능성 높음 → biweekly(×2) 후보 (수동 확인),medium,
1,택배카보드 차량 광고,cmr9xedzi000a04layhba2ulc,6개월,250000,택배카보드 광고 (6개월 이상 장기계약),,month,250000,250000,month,다개월 총액 가능성 → month 단가 취급 시 과대 표시 위험,medium,
1,테헤란로 대명 루첸타워 전광판 광고,cmoehygbf000004kzbj4jjng2,2주,7000000,20초 2주,,month,7000000,7000000,week,패키지 총액 가능성 높음 → biweekly(×2) 후보 (수동 확인),medium,
1,한강진 한남 카시나 외벽 아트월 광고,cmoighgdj000004ldv7i295em,2주,42000000,2주 아트월,,month,42000000,42000000,week,패키지 총액 가능성 높음 → biweekly(×2) 후보 (수동 확인),medium,
1,한남 HILLS 외벽 아트월 광고,cmod0byfm000404l8lvj87iy2,2주,78000000,2주,,month,78000000,78000000,week,패키지 총액 가능성 높음 → biweekly(×2) 후보 (수동 확인),medium,
1,홍대 동교빌딩 외벽 아트월 광고,cmoiok6vc000004ihc65he4vc,2주,35000000,2주 빌보드,,month,35000000,35000000,week,패키지 총액 가능성 높음 → biweekly(×2) 후보 (수동 확인),medium,
1,홍대 상진빌딩 전광판 광고,cmoidd38o000004k09esg76px,2주,6500000,20초 2주,,month,6500000,6500000,week,패키지 총액 가능성 높음 → biweekly(×2) 후보 (수동 확인),medium,
1,홍대 시그니처 전광판 광고,cmoig45kh000004i7bvdio77b,2주,6500000,20초 2주,,month,6500000,6500000,week,패키지 총액 가능성 높음 → biweekly(×2) 후보 (수동 확인),medium,
1,홍대 오트파사드 E-DISPLAY & 아트월 광고,cmoifyo3g000004ldc5rkbj53,2주,6500000,E-DISPLAY 30초 2주,,month,6500000,6500000,week,패키지 총액 가능성 높음 → biweekly(×2) 후보 (수동 확인),medium,
1,홍대 한울빌딩 외벽 아트월 광고,cmoih1s8z000004l1pvbm5n9p,2주,44000000,2주 빌보드,,month,44000000,44000000,week,패키지 총액 가능성 높음 → biweekly(×2) 후보 (수동 확인),medium,
1,홍대 M-스크린 배너 광고,cmox0q2ce000404i8sdxeirk1,2주,32000000,배너 광고 2주,,month,32000000,32000000,week,패키지 총액 가능성 높음 → biweekly(×2) 후보 (수동 확인),medium,
1,홍대입구 고종환빌딩 그래피티 외벽 광고,cmoifgrsi000004jxzwxudz86,2주,25000000,현수막 2주,,month,25000000,25000000,week,패키지 총액 가능성 높음 → biweekly(×2) 후보 (수동 확인),medium,
1,KTX 오송역 LED 영상광고,cmqjivdxk000004js6ltgkr6n,3개월,6500000,20초 영상 (3개월 이상),,month,6500000,6500000,month,다개월 총액 가능성 → month 단가 취급 시 과대 표시 위험,medium,